Country,Year,Score_CPI_Scores_Long,Score_GOV_IIAG,Score_GOV_EIU_Democracy,Score_GOV_VDem_LibDem,Score_GOV_ACLED_Conflict,Score_GOV_UCDP_Conflict,Score_GOV_WGI_GovEffect
Algeria,1990,,,,0.159,,1,
Algeria,1991,,,,0.151,,34,
Algeria,1992,,,,0.081,,274,
Algeria,1993,,,,0.081,,800,
Algeria,1994,,,,0.1,,1931,
Algeria,1995,,,,0.111,,3059,
Algeria,1996,,,,0.156,,1084,-1.088766456
Algeria,1997,,,,0.152,3579,1653,
Algeria,1998,,,,0.149,1269,3175,-0.883071959
Algeria,1999,,,,0.157,369,1043,
Algeria,2000,,,,0.153,1389,947,-1.01074934
Algeria,2001,,,,0.153,890,642,
Algeria,2002,,,,0.154,1000,539,-0.6142073274
Algeria,2003,2.6,,,0.156,630,670,-0.6742773652
Algeria,2004,2.7,,,0.157,226,410,-0.559222877
Algeria,2005,2.8,,,0.159,254,217,-0.4462334216
Algeria,2006,3.1,,3.17,0.159,382,255,-0.4381617904
Algeria,2007,3,,,0.158,689,472,-0.5372763872
Algeria,2008,3.2,,3.32,0.158,465,339,-0.6031845212
Algeria,2009,2.8,,,0.157,514,505,-0.5345461369
Algeria,2010,2.9,,3.44,0.156,246,236,-0.3959017098
Algeria,2011,2.9,,3.44,0.158,282,267,-0.520578742
Algeria,2012,34,,3.83,0.162,244,256,-0.4473853409
Algeria,2013,36,,3.83,0.163,340,196,-0.4315440059
Algeria,2014,36,54.9,3.83,0.164,224,111,-0.3398647904
Algeria,2015,36,56.4,3.95,0.166,153,110,-0.4108294845
Algeria,2016,34,56.9,3.56,0.159,127,89,-0.4647088051
Algeria,2017,33,56.1,3.56,0.155,143,77,-0.5370241404
Algeria,2018,35,57.2,3.5,0.156,63,33,-0.4885363877
Algeria,2019,35,57.1,4.01,0.145,21,14,-0.5679209828
Algeria,2020,36,57.2,3.77,0.146,32,28,-0.5736432076
Algeria,2021,33,56.2,3.77,0.132,25,18,-0.6527457833
Algeria,2022,33,55.5,3.66,0.115,27,14,-0.5134994984
Algeria,2023,36,55.7,3.66,0.115,13,1,-0.6701351404
Algeria,2024,34,,3.55,0.116,35,3,
Algeria,2025,34,,,,32,,
Angola,1990,,,,0.051,,2558,
Angola,1991,,,,0.055,,516,
Angola,1992,,,,0.075,,2349,
Angola,1993,,,,0.075,,12055,
Angola,1994,,,,0.075,,3974,
Angola,1995,,,,0.075,,191,
Angola,1996,,,,0.075,,32,-0.8599399924
Angola,1997,,,,0.075,5258,88,
Angola,1998,,,,0.075,50810,1128,-1.055107117
Angola,1999,,,,0.075,73725,2273,
Angola,2000,1.7,,,0.076,3957,952,-1.075034142
Angola,2001,,,,0.079,9111,1125,
Angola,2002,1.7,,,0.081,275,533,-1.132157087
Angola,2003,1.8,,,0.085,6,84,-1.124224305
Angola,2004,2,,,0.087,17,38,-1.328872442
Angola,2005,2,,,0.087,3,15,-1.11021924
Angola,2006,2.2,,2.41,0.087,13,3,-1.381049156
Angola,2007,2.2,,,0.088,16,26,-1.205007195
Angola,2008,1.9,,3.35,0.093,10,4,-1.061388373
Angola,2009,1.9,,,0.1,3,25,-0.9450702071
Angola,2010,1.9,,3.32,0.099,15,10,-1.138267756
Angola,2011,2,,3.32,0.122,4,1,-1.193231225
Angola,2012,22,,3.35,0.122,4,0,-0.9889454246
Angola,2013,23,,3.35,0.123,6,2,-1.242886543
Angola,2014,19,38,3.35,0.123,0,0,-1.056573868
Angola,2015,15,38.3,3.35,0.123,23,1,-0.9290873408
Angola,2016,18,38.2,3.4,0.124,115,26,-0.9714935422
Angola,2017,19,39,3.62,0.142,67,26,-0.9519889951
Angola,2018,19,40.4,3.62,0.162,41,24,-1.005251646
Angola,2019,26,41.5,3.72,0.162,23,26,-1.128489852
Angola,2020,27,42.1,3.66,0.16,70,29,-1.257484555
Angola,2021,29,42.8,3.37,0.153,149,13,-1.12635994
Angola,2022,33,43.3,3.96,0.154,104,21,-1.026034236
Angola,2023,33,43.8,4.18,0.157,57,0,-1.008909583
Angola,2024,32,,4.05,0.164,98,25,
Angola,2025,32,,,,169,,
Benin,1990,,,,0.163,,0,
Benin,1991,,,,0.369,,0,
Benin,1992,,,,0.498,,0,
Benin,1993,,,,0.498,,0,
Benin,1994,,,,0.498,,0,
Benin,1995,,,,0.516,,0,
Benin,1996,,,,0.514,,0,-0.3805644512
Benin,1997,,,,0.507,0,0,
Benin,1998,,,,0.507,1,0,-0.3494677246
Benin,1999,,,,0.499,0,0,
Benin,2000,,,,0.501,0,0,-0.3967296779
Benin,2001,,,,0.498,4,0,
Benin,2002,,,,0.499,0,0,-0.576151073
Benin,2003,4.5,,,0.5,0,0,-0.561285615
Benin,2004,3.8,,,0.5,2,0,-0.5247595906
Benin,2005,2.9,,,0.512,0,0,-0.6529878974
Benin,2006,2.5,,6.16,0.537,0,0,-0.6470125318
Benin,2007,2.7,,,0.53,2,0,-0.5437496901
Benin,2008,3.1,,6.06,0.522,0,0,-0.4928937852
Benin,2009,2.9,,,0.523,1,0,-0.5950607061
Benin,2010,2.8,,6.17,0.524,0,0,-0.609903872
Benin,2011,3,,6.06,0.492,0,0,-0.5471393466
Benin,2012,36,,6,0.488,0,0,-0.5267465115
Benin,2013,36,,5.87,0.478,0,0,-0.508882761
Benin,2014,39,55.5,5.65,0.485,0,0,-0.4854284227
Benin,2015,37,55.8,5.72,0.529,3,0,-0.6823114753
Benin,2016,36,57,5.67,0.582,22,0,-0.6256523728
Benin,2017,39,57.6,5.61,0.598,14,0,-0.6973587275
Benin,2018,40,58,5.74,0.478,31,0,-0.63151896
Benin,2019,41,57.5,5.09,0.336,27,0,-0.4903679192
Benin,2020,41,58.2,4.58,0.283,63,1,-0.2909138501
Benin,2021,42,57.6,4.19,0.276,90,11,-0.2376013696
Benin,2022,43,58.3,4.28,0.293,168,30,-0.1705902368
Benin,2023,43,58.9,4.68,0.321,218,28,-0.218984127
Benin,2024,45,,4.44,0.329,272,77,
Benin,2025,45,,,,419,,
Botswana,1990,,,,0.58,,1,
Botswana,1991,,,,0.58,,0,
Botswana,1992,,,,0.58,,0,
Botswana,1993,,,,0.58,,0,
Botswana,1994,,,,0.581,,0,
Botswana,1995,,,,0.588,,0,
Botswana,1996,,,,0.588,,0,0.5563769937
Botswana,1997,,,,0.601,0,0,
Botswana,1998,6.1,,,0.607,0,0,0.4307786822
Botswana,1999,6.1,,,0.607,0,0,
Botswana,2000,6,,,0.606,0,0,0.4204667509
Botswana,2001,6,,,0.606,0,0,
Botswana,2002,6.4,,,0.606,0,0,0.5367571712
Botswana,2003,5.7,,,0.606,0,0,0.6194812655
Botswana,2004,6,,,0.613,0,0,0.5989146233
Botswana,2005,5.9,,,0.62,0,0,0.5813828111
Botswana,2006,5.6,,7.6,0.614,0,0,0.421107769
Botswana,2007,5.4,,,0.617,0,0,0.5332497358
Botswana,2008,5.8,,7.47,0.612,1,0,0.5176285505
Botswana,2009,5.6,,,0.615,1,0,0.4156210721
Botswana,2010,5.8,,7.63,0.621,0,0,0.3883495927
Botswana,2011,6.1,,7.63,0.62,0,0,0.411628902
Botswana,2012,65,,7.85,0.614,0,0,0.4223151207
Botswana,2013,64,,7.98,0.608,0,0,0.3787471652
Botswana,2014,63,69.4,7.87,0.608,0,0,0.2982543111
Botswana,2015,63,69.5,7.87,0.592,0,0,0.4514878988
Botswana,2016,60,68.5,7.87,0.591,1,0,0.4973893166
Botswana,2017,61,68.2,7.81,0.567,0,0,0.3671265543
Botswana,2018,61,69.2,7.81,0.577,2,0,0.2545439005
Botswana,2019,61,70,7.81,0.559,0,0,0.3758319616
Botswana,2020,60,68.6,7.62,0.482,7,0,0.1678792685
Botswana,2021,55,67.7,7.73,0.48,1,0,0.3236964643
Botswana,2022,60,66.5,7.73,0.461,4,0,0.4394938648
Botswana,2023,59,65.8,7.73,0.439,7,0,0.4308284223
Botswana,2024,57,,7.63,0.478,2,0,
Botswana,2025,58,,,,4,,
Burkina Faso,1990,,,,0.103,,0,
Burkina Faso,1991,,,,0.114,,0,
Burkina Faso,1992,,,,0.21,,0,
Burkina Faso,1993,,,,0.257,,0,
Burkina Faso,1994,,,,0.257,,0,
Burkina Faso,1995,,,,0.257,,0,
Burkina Faso,1996,,,,0.256,,0,-0.9289404154
Burkina Faso,1997,,,,0.259,0,0,
Burkina Faso,1998,,,,0.263,4,0,-0.918438375
Burkina Faso,1999,,,,0.31,2,0,
Burkina Faso,2000,3,,,0.323,0,0,-0.7832015753
Burkina Faso,2001,,,,0.326,0,0,
Burkina Faso,2002,,,,0.326,106,0,-0.8464481831
Burkina Faso,2003,,,,0.326,1,0,-0.8125321269
Burkina Faso,2004,,,,0.326,13,0,-0.6967954636
Burkina Faso,2005,3.4,,,0.328,0,0,-0.6048989892
Burkina Faso,2006,3.2,,3.72,0.344,16,0,-0.8005635738
Burkina Faso,2007,2.9,,,0.339,0,0,-0.7700062394
Burkina Faso,2008,3.5,,3.6,0.339,14,0,-0.5302839875
Burkina Faso,2009,3.6,,,0.337,0,0,-0.617469728
Burkina Faso,2010,3.1,,3.59,0.354,0,0,-0.5890957117
Burkina Faso,2011,3,,3.59,0.358,3,0,-0.568243742
Burkina Faso,2012,38,,3.52,0.36,32,0,-0.6323683858
Burkina Faso,2013,38,,4.15,0.409,8,0,-0.670198977
Burkina Faso,2014,38,54.9,4.09,0.424,12,0,-0.5925318599
Burkina Faso,2015,38,55.6,4.7,0.307,16,0,-0.6921336055
Burkina Faso,2016,42,56.3,4.7,0.507,81,0,-0.6389909387
Burkina Faso,2017,42,58,4.75,0.511,117,19,-0.6384920478
Burkina Faso,2018,41,58.2,4.75,0.491,303,176,-0.6440674067
Burkina Faso,2019,40,56.4,4.04,0.482,2215,561,-0.7781862617
Burkina Faso,2020,40,55.8,3.73,0.487,2299,839,-0.708106637
Burkina Faso,2021,42,54.5,3.84,0.455,2360,1108,-0.7650250793
Burkina Faso,2022,42,52.6,3.08,0.226,4227,2333,-0.8531486988
Burkina Faso,2023,41,51,2.73,0.182,8498,5141,-0.8262274861
Burkina Faso,2024,41,,2.55,0.129,7486,3014,
Burkina Faso,2025,40,,,,5274,,
Burundi,1990,,,,0.087,,7,
Burundi,1991,,,,0.083,,316,
Burundi,1992,,,,0.1,,61,
Burundi,1993,,,,0.161,,8258,
Burundi,1994,,,,0.166,,476,
Burundi,1995,,,,0.168,,2556,
Burundi,1996,,,,0.153,,17324,-1.662423134
Burundi,1997,,,,0.148,4137,3618,
Burundi,1998,,,,0.146,1238,1304,-1.601484895
Burundi,1999,,,,0.147,1718,1309,
Burundi,2000,,,,0.146,3872,2108,-1.412281871
Burundi,2001,,,,0.149,3852,1508,
Burundi,2002,,,,0.149,2132,1793,-1.502607822
Burundi,2003,,,,0.151,1603,1133,-1.490272999
Burundi,2004,,,,0.152,513,529,-1.238428354
Burundi,2005,2.3,,,0.146,584,351,-1.242520928
Burundi,2006,2.4,,4.51,0.185,171,215,-1.110876799
Burundi,2007,2.5,,,0.182,63,60,-1.280528307
Burundi,2008,1.9,,4.51,0.176,197,250,-1.135566115
Burundi,2009,1.8,,,0.173,71,0,-1.066739202
Burundi,2010,1.8,,4.01,0.143,153,0,-1.124709845
Burundi,2011,1.9,,4.01,0.133,112,4,-1.084920645
Burundi,2012,19,,3.6,0.134,28,14,-1.309405923
Burundi,2013,21,,3.41,0.11,18,16,-1.071233988
Burundi,2014,20,41.7,3.33,0.1,73,61,-1.151772141
Burundi,2015,21,39.6,2.49,0.062,1023,265,-1.237577558
Burundi,2016,20,38.5,2.4,0.046,449,93,-1.484362721
Burundi,2017,22,39,2.33,0.047,281,43,-1.381946445
Burundi,2018,17,38.9,2.33,0.044,298,90,-1.449793339
Burundi,2019,19,39,2.15,0.053,261,75,-1.374816895
Burundi,2020,19,39.6,2.14,0.051,322,127,-1.302482963
Burundi,2021,19,40.5,2.13,0.07,287,76,-1.358192563
Burundi,2022,17,41.4,2.13,0.08,222,48,-1.263606191
Burundi,2023,20,41.4,2.13,0.063,174,124,-1.200113416
Burundi,2024,17,,2.13,0.072,156,70,
Burundi,2025,17,,,,223,,
Cabo Verde,1990,,,,0.288,,0,
Cabo Verde,1991,,,,0.574,,0,
Cabo Verde,1992,,,,0.64,,0,
Cabo Verde,1993,,,,0.64,,0,
Cabo Verde,1994,,,,0.64,,0,
Cabo Verde,1995,,,,0.65,,0,
Cabo Verde,1996,,,,0.691,,0,
Cabo Verde,1997,,,,0.688,0,0,
Cabo Verde,1998,,,,0.688,0,0,
Cabo Verde,1999,,,,0.688,0,0,
Cabo Verde,2000,,,,0.681,0,0,
Cabo Verde,2001,,,,0.678,0,0,
Cabo Verde,2002,,,,0.682,0,0,-0.2704274654
Cabo Verde,2003,,,,0.682,0,0,-0.2830330729
Cabo Verde,2004,,,,0.682,0,0,-0.347504288
Cabo Verde,2005,,,,0.684,0,0,-0.2359383404
Cabo Verde,2006,,,7.43,0.693,0,0,-0.03045009822
Cabo Verde,2007,4.9,,,0.698,0,0,0.2858527005
Cabo Verde,2008,5.1,,7.81,0.703,0,0,-0.02914522961
Cabo Verde,2009,5.1,,,0.703,0,0,-0.08332274854
Cabo Verde,2010,5.1,,7.94,0.699,0,0,-0.10074424
Cabo Verde,2011,5.5,,7.92,0.706,0,0,0.07926312834
Cabo Verde,2012,60,,7.92,0.707,0,0,0.05345575511
Cabo Verde,2013,58,,7.92,0.718,0,0,0.04168150201
Cabo Verde,2014,57,69.2,7.81,0.717,0,0,0.03746379167
Cabo Verde,2015,55,70.4,7.81,0.718,0,0,0.1682725549
Cabo Verde,2016,59,70.2,7.94,0.718,0,0,0.1137038171
Cabo Verde,2017,55,70.5,7.88,0.706,0,0,0.1431344301
Cabo Verde,2018,57,70.7,7.88,0.7,0,0,0.3409086168
Cabo Verde,2019,58,70.2,7.78,0.707,0,0,0.2788032889
Cabo Verde,2020,58,70,7.65,0.698,0,0,0.1993028671
Cabo Verde,2021,58,69.4,7.65,0.679,0,0,0.00169475982
Cabo Verde,2022,60,69.5,7.65,0.656,0,0,0.02083592862
Cabo Verde,2023,64,69.6,7.65,0.651,0,0,0.01367666479
Cabo Verde,2024,62,,7.58,0.649,0,0,
Cabo Verde,2025,62,,,,0,,
Cameroon,1990,,,,0.127,,6,
Cameroon,1991,,,,0.135,,50,
Cameroon,1992,,,,0.144,,25,
Cameroon,1993,,,,0.147,,47,
Cameroon,1994,,,,0.148,,102,
Cameroon,1995,,,,0.148,,0,
Cameroon,1996,2.46,,,0.149,,56,-1.080202699
Cameroon,1997,,,,0.149,6,0,
Cameroon,1998,1.4,,,0.151,8,52,-0.8262295127
Cameroon,1999,1.5,,,0.151,1,0,
Cameroon,2000,2,,,0.159,16,2,-0.8232910633
Cameroon,2001,2,,,0.159,4,0,
Cameroon,2002,2.2,,,0.159,4,0,-0.9111967683
Cameroon,2003,1.8,,,0.16,4,0,-0.8429197669
Cameroon,2004,2.1,,,0.161,10,0,-0.8102989793
Cameroon,2005,2.2,,,0.156,50,0,-0.9310517311
Cameroon,2006,2.3,,3.27,0.156,31,0,-0.9720497131
Cameroon,2007,2.4,,,0.155,69,0,-0.8541864157
Cameroon,2008,2.3,,3.46,0.154,131,0,-0.8282871246
Cameroon,2009,2.2,,,0.156,19,0,-0.8537850976
Cameroon,2010,2.2,,3.41,0.154,6,0,-0.9030400515
Cameroon,2011,2.5,,3.41,0.155,17,0,-0.8944761157
Cameroon,2012,26,,3.44,0.161,5,0,-0.905474782
Cameroon,2013,25,,3.41,0.152,32,0,-0.9257605076
Cameroon,2014,27,45,3.41,0.155,1366,982,-0.8129178882
Cameroon,2015,27,45.1,3.66,0.154,1439,958,-0.8338075876
Cameroon,2016,26,44.6,3.46,0.143,712,187,-0.8227867484
Cameroon,2017,25,43.5,3.61,0.136,736,233,-0.8612569571
Cameroon,2018,25,42.8,3.28,0.127,1664,902,-0.8576350212
Cameroon,2019,25,43.1,2.85,0.121,1302,790,-0.8660829663
Cameroon,2020,25,43,2.77,0.128,1760,574,-0.9314109087
Cameroon,2021,27,43.1,2.56,0.127,1563,695,-0.9045589566
Cameroon,2022,26,42.9,2.56,0.139,1632,463,-0.8815078139
Cameroon,2023,27,42.9,2.56,0.129,2145,400,-0.9062625766
Cameroon,2024,26,,2.56,0.14,2310,289,
Cameroon,2025,26,,,,1779,,
Central African Republic,1990,,,,0.124,,0,
Central African Republic,1991,,,,0.132,,0,
Central African Republic,1992,,,,0.15,,3,
Central African Republic,1993,,,,0.213,,4,
Central African Republic,1994,,,,0.221,,0,
Central African Republic,1995,,,,0.22,,0,
Central African Republic,1996,,,,0.22,,0,-1.406051278
Central African Republic,1997,,,,0.22,131,0,
Central African Republic,1998,,,,0.219,45,0,-1.351081371
Central African Republic,1999,,,,0.216,20,5,
Central African Republic,2000,,,,0.216,9,6,-1.412281871
Central African Republic,2001,,,,0.216,52,216,
Central African Republic,2002,,,,0.216,539,152,-1.382853866
Central African Republic,2003,,,,0.118,81,19,-1.19755888
Central African Republic,2004,,,,0.091,80,3,-1.324392915
Central African Republic,2005,,,,0.173,73,8,-1.584195971
Central African Republic,2006,2.4,,1.61,0.191,289,179,-1.474969029
Central African Republic,2007,2,,,0.191,218,51,-1.528513432
Central African Republic,2008,2,,1.86,0.191,192,5,-1.372090578
Central African Republic,2009,2,,,0.191,260,109,-1.396481991
Central African Republic,2010,2.1,,1.82,0.192,412,54,-1.393128991
Central African Republic,2011,2.2,,1.82,0.183,202,112,-1.313111782
Central African Republic,2012,26,,1.99,0.185,262,95,-1.453209877
Central African Republic,2013,25,,1.49,0.15,2496,2081,-1.625759482
Central African Republic,2014,24,28.5,1.49,0.171,3605,1252,-1.880911469
Central African Republic,2015,24,30.5,1.57,0.181,515,322,-1.811074018
Central African Republic,2016,20,31.3,1.61,0.23,734,217,-1.807310462
Central African Republic,2017,23,31.6,1.52,0.231,1827,1157,-1.792508602
Central African Republic,2018,26,32.8,1.52,0.245,1169,418,-1.735437155
Central African Republic,2019,25,32.4,1.32,0.214,596,356,-1.780276179
Central African Republic,2020,26,31.8,1.32,0.201,449,266,-1.72879374
Central African Republic,2021,24,31.7,1.43,0.175,1716,951,-1.673193574
Central African Republic,2022,24,31.9,1.35,0.169,967,712,-1.710303426
Central African Republic,2023,24,31.5,1.18,0.104,618,393,-1.735009193
Central African Republic,2024,24,,1.18,0.1,758,345,
Central African Republic,2025,24,,,,1204,,
Chad,1990,,,,0.043,,686,
Chad,1991,,,,0.056,,95,
Chad,1992,,,,0.057,,1190,
Chad,1993,,,,0.07,,313,
Chad,1994,,,,0.076,,397,
Chad,1995,,,,0.076,,51,
Chad,1996,,,,0.083,,4,-0.6369361281
Chad,1997,,,,0.097,207,101,
Chad,1998,,,,0.097,85,179,-0.5998711586
Chad,1999,,,,0.097,180,394,
Chad,2000,,,,0.098,560,1070,-0.6506177783
Chad,2001,,,,0.097,133,230,
Chad,2002,,,,0.097,499,294,-0.8881083727
Chad,2003,,,,0.097,155,37,-1.174853325
Chad,2004,1.7,,,0.097,442,52,-1.15154171
Chad,2005,1.7,,,0.097,513,145,-1.396481037
Chad,2006,2,,1.65,0.096,1905,1483,-1.460164189
Chad,2007,1.8,,,0.096,842,226,-1.610059142
Chad,2008,1.6,,1.52,0.095,272,994,-1.554221869
Chad,2009,1.6,,,0.097,261,135,-1.419021964
Chad,2010,1.7,,1.52,0.099,109,4,-1.457101345
Chad,2011,2,,1.62,0.1,17,0,-1.374016404
Chad,2012,19,,1.62,0.099,3,0,-1.486232638
Chad,2013,19,,1.5,0.094,5,0,-1.389744997
Chad,2014,22,33,1.5,0.092,50,10,-1.510981202
Chad,2015,22,33.5,1.5,0.093,420,283,-1.491039157
Chad,2016,20,33.5,1.5,0.093,41,24,-1.559411049
Chad,2017,20,34.8,1.5,0.085,296,88,-1.509388685
Chad,2018,19,35.4,1.61,0.079,259,150,-1.562269449
Chad,2019,20,35.9,1.61,0.089,564,211,-1.607126594
Chad,2020,21,35.6,1.55,0.089,725,221,-1.510737181
Chad,2021,20,35.3,1.67,0.054,823,646,-1.460980415
Chad,2022,19,35.3,1.67,0.04,640,114,-1.423673511
Chad,2023,20,34.8,1.67,0.049,301,103,-1.479148746
Chad,2024,21,,1.89,0.054,552,179,
Chad,2025,22,,,,354,,
Comoros,1990,,,,0.193,,0,
Comoros,1991,,,,0.212,,0,
Comoros,1992,,,,0.214,,0,
Comoros,1993,,,,0.166,,0,
Comoros,1994,,,,0.211,,0,
Comoros,1995,,,,0.206,,0,
Comoros,1996,,,,0.148,,0,-1.662423134
Comoros,1997,,,,0.219,0,56,
Comoros,1998,,,,0.222,0,40,-1.601484895
Comoros,1999,,,,0.143,0,0,
Comoros,2000,,,,0.105,0,0,-1.15839386
Comoros,2001,,,,0.098,0,0,
Comoros,2002,,,,0.142,0,0,-0.7647284269
Comoros,2003,,,,0.167,0,0,-1.225321651
Comoros,2004,,,,0.233,0,0,-1.311572194
Comoros,2005,,,,0.264,0,0,-1.61003685
Comoros,2006,,,3.9,0.257,0,0,-1.599316359
Comoros,2007,2.6,,,0.258,0,0,-1.764998317
Comoros,2008,2.5,,3.58,0.257,0,0,-1.752612472
Comoros,2009,2.3,,,0.254,0,0,-1.72881937
Comoros,2010,2.1,,3.41,0.256,0,0,-1.750223756
Comoros,2011,2.4,,3.52,0.273,0,0,-1.809393167
Comoros,2012,28,,3.52,0.273,0,0,-1.601847768
Comoros,2013,28,,3.52,0.296,0,0,-1.610086918
Comoros,2014,26,47.5,3.52,0.297,0,0,-1.738661289
Comoros,2015,26,46.8,3.71,0.252,0,0,-1.641474962
Comoros,2016,24,46.6,3.71,0.253,0,0,-1.678195238
Comoros,2017,27,45.6,3.71,0.194,0,0,-1.677034378
Comoros,2018,27,44.9,3.71,0.171,0,0,-1.716065288
Comoros,2019,25,43.7,3.15,0.12,0,0,-1.753310442
Comoros,2020,21,43,3.09,0.112,2,0,-1.643052816
Comoros,2021,20,42.5,3.2,0.11,0,0,-1.813842893
Comoros,2022,19,42.7,3.2,0.111,2,0,-1.683056712
Comoros,2023,20,42.8,3.04,0.103,1,0,-1.535102248
Comoros,2024,21,,2.84,0.107,2,0,
Comoros,2025,20,,,,3,,
Congo,2003,2.2,,,,,,
Congo,2004,2.3,,,,,,
Congo,2005,2.3,,,,,,
Congo,2006,2.2,,,,,,
Congo,2007,2.1,,,,,,
Congo,2008,1.9,,,,,,
Congo,2009,1.9,,,,,,
Congo,2010,2.1,,,,,,
Congo,2011,2.2,,,,,,
Congo,2012,26,,,,,,
Congo,2013,22,,,,,,
Congo,2014,23,,,,,,
Congo,2015,23,,,,,,
Congo,2016,20,,,,,,
Congo,2017,21,,,,,,
Congo,2018,19,,,,,,
Congo,2019,19,,,,,,
Congo,2020,19,,,,,,
Congo,2021,21,,,,,,
Congo,2022,21,,,,,,
Congo,2023,22,,,,,,
Congo,2024,23,,,,,,
Congo,2025,23,,,,,,
"Congo, Dem. Rep.",1990,,,,0.054,,0,
"Congo, Dem. Rep.",1991,,,,0.058,,0,
"Congo, Dem. Rep.",1992,,,,0.057,,0,
"Congo, Dem. Rep.",1993,,,,0.037,,0,
"Congo, Dem. Rep.",1994,,,,0.038,,0,
"Congo, Dem. Rep.",1995,,,,0.038,,0,
"Congo, Dem. Rep.",1996,,,,0.038,,0,-1.64999783
"Congo, Dem. Rep.",1997,,,,0.027,1994,0,
"Congo, Dem. Rep.",1998,,,,0.038,2944,0,-1.731027842
"Congo, Dem. Rep.",1999,,,,0.042,7039,0,
"Congo, Dem. Rep.",2000,,,,0.053,1680,0,-1.791944146
"Congo, Dem. Rep.",2001,,,,0.055,2353,0,
"Congo, Dem. Rep.",2002,,,,0.056,6059,0,-1.841436386
"Congo, Dem. Rep.",2003,,,,0.086,3152,0,-1.713930964
"Congo, Dem. Rep.",2004,,,,0.098,376,0,-1.431272984
"Congo, Dem. Rep.",2005,,,,0.1,535,0,-1.566179037
"Congo, Dem. Rep.",2006,,,2.76,0.12,323,0,-1.558564782
"Congo, Dem. Rep.",2007,,,,0.151,379,0,-1.734748244
"Congo, Dem. Rep.",2008,,,2.28,0.152,2268,0,-1.640379667
"Congo, Dem. Rep.",2009,,,,0.157,5124,0,-1.653086424
"Congo, Dem. Rep.",2010,,,2.15,0.156,1452,0,-1.718958974
"Congo, Dem. Rep.",2011,,,2.15,0.154,563,0,-1.680995941
"Congo, Dem. Rep.",2012,,,1.92,0.143,1431,0,-1.643586636
"Congo, Dem. Rep.",2013,,,1.83,0.129,1835,0,-1.468521357
"Congo, Dem. Rep.",2014,,35.3,1.75,0.133,1202,0,-1.566837549
"Congo, Dem. Rep.",2015,,35.8,2.11,0.128,1744,0,-1.642936707
"Congo, Dem. Rep.",2016,,34.4,1.93,0.126,1608,0,-1.559830427
"Congo, Dem. Rep.",2017,,33.7,1.61,0.118,3123,0,-1.666516185
"Congo, Dem. Rep.",2018,,32.8,1.49,0.122,3264,0,-1.572487354
"Congo, Dem. Rep.",2019,,33.2,1.13,0.145,4453,0,-1.655766368
"Congo, Dem. Rep.",2020,,33,1.13,0.155,6715,0,-1.74490869
"Congo, Dem. Rep.",2021,,33.1,1.4,0.144,7659,0,-1.75673008
"Congo, Dem. Rep.",2022,,33.2,1.48,0.152,8012,0,-1.746674776
"Congo, Dem. Rep.",2023,,32.8,1.68,0.132,5465,0,-1.689066291
"Congo, Dem. Rep.",2024,,,1.92,0.133,5478,0,
"Congo, Dem. Rep.",2025,,,,,7221,,
"Congo, Rep.",1990,,,,0.066,,0,
"Congo, Rep.",1991,,,,0.176,,0,
"Congo, Rep.",1992,,,,0.196,,0,
"Congo, Rep.",1993,,,,0.301,,0,
"Congo, Rep.",1994,,,,0.293,,0,
"Congo, Rep.",1995,,,,0.295,,0,
"Congo, Rep.",1996,,,,0.302,,0,-1.169292927
"Congo, Rep.",1997,,,,0.069,41,0,
"Congo, Rep.",1998,,,,0.081,121,0,-1.104274154
"Congo, Rep.",1999,,,,0.078,29,0,
"Congo, Rep.",2000,,,,0.077,96,0,-1.150753498
"Congo, Rep.",2001,,,,0.077,0,0,
"Congo, Rep.",2002,,,,0.088,1,0,-1.265289545
"Congo, Rep.",2003,,,,0.1,23,0,-1.189896345
"Congo, Rep.",2004,,,,0.1,10,0,-1.06095469
"Congo, Rep.",2005,,,,0.1,15,0,-1.276243806
"Congo, Rep.",2006,,,3.19,0.1,1,0,-1.243664503
"Congo, Rep.",2007,,,,0.099,15,0,-1.32703352
"Congo, Rep.",2008,,,2.94,0.098,0,0,-1.224059582
"Congo, Rep.",2009,,,,0.097,100,0,-1.217259049
"Congo, Rep.",2010,,,2.89,0.096,0,0,-1.235752702
"Congo, Rep.",2011,,,2.89,0.096,0,0,-1.205677867
"Congo, Rep.",2012,,,2.89,0.096,1,0,-1.174897552
"Congo, Rep.",2013,,,2.89,0.106,40,0,-1.159171343
"Congo, Rep.",2014,,39.6,2.89,0.106,11,0,-1.130526543
"Congo, Rep.",2015,,40,2.91,0.106,0,0,-1.070284843
"Congo, Rep.",2016,,38.9,2.91,0.104,78,0,-1.133835793
"Congo, Rep.",2017,,38.8,3.25,0.105,21,0,-1.244892716
"Congo, Rep.",2018,,38.4,3.31,0.113,28,0,-1.200247169
"Congo, Rep.",2019,,38.5,3.11,0.105,2,0,-1.131731987
"Congo, Rep.",2020,,39,3.11,0.121,1,0,-1.254402399
"Congo, Rep.",2021,,38.7,2.79,0.116,10,0,-1.319942117
"Congo, Rep.",2022,,39.9,2.79,0.116,19,0,-1.370098114
"Congo, Rep.",2023,,39.7,2.79,0.122,6,0,-1.334287405
"Congo, Rep.",2024,,,2.79,0.117,1,0,
"Congo, Rep.",2025,,,,,17,,
Cote d'Ivoire,1990,,,,0.196,,9,
Cote d'Ivoire,1991,,,,0.201,,0,
Cote d'Ivoire,1992,,,,0.201,,0,
Cote d'Ivoire,1993,,,,0.212,,0,
Cote d'Ivoire,1994,,,,0.23,,0,
Cote d'Ivoire,1995,,,,0.189,,32,
Cote d'Ivoire,1996,,,,0.251,,16,-0.2609782219
Cote d'Ivoire,1997,,,,0.252,18,0,
Cote d'Ivoire,1998,3.1,,,0.252,14,0,-0.2332075983
Cote d'Ivoire,1999,2.6,,,0.257,5,0,
Cote d'Ivoire,2000,2.7,,,0.176,258,132,-1.007851839
Cote d'Ivoire,2001,2.4,,,0.303,17,2,
Cote d'Ivoire,2002,2.7,,,0.306,300,952,-0.9411485791
Cote d'Ivoire,2003,3.7,,,0.303,1201,378,-1.134496093
Cote d'Ivoire,2004,2,,,0.305,478,303,-1.279603481
Cote d'Ivoire,2005,1.9,,,0.297,226,153,-1.349593878
Cote d'Ivoire,2006,2.1,,3.38,0.298,56,10,-1.16377902
Cote d'Ivoire,2007,2.1,,,0.299,5,3,-1.218914032
Cote d'Ivoire,2008,2,,3.27,0.299,27,3,-1.252720952
Cote d'Ivoire,2009,2.1,,,0.297,4,1,-1.126518011
Cote d'Ivoire,2010,2.2,,3.02,0.303,82,75,-1.297451496
Cote d'Ivoire,2011,2.2,,3.08,0.297,812,530,-1.180755496
Cote d'Ivoire,2012,29,,3.25,0.323,118,21,-1.108150959
Cote d'Ivoire,2013,27,,3.25,0.315,76,0,-0.9382181764
Cote d'Ivoire,2014,32,52.6,3.53,0.32,31,0,-0.8572916389
Cote d'Ivoire,2015,32,53.8,3.31,0.324,21,0,-0.7475405335
Cote d'Ivoire,2016,34,54.1,3.81,0.354,87,33,-0.7363792062
Cote d'Ivoire,2017,36,54,3.93,0.342,39,0,-0.8122181892
Cote d'Ivoire,2018,35,54.4,4.15,0.348,14,0,-0.6474503875
Cote d'Ivoire,2019,35,54.8,4.05,0.328,44,0,-0.5591716766
Cote d'Ivoire,2020,36,54.3,4.11,0.265,128,3,-0.5391485095
Cote d'Ivoire,2021,36,55.2,4.22,0.238,45,0,-0.5369514823
Cote d'Ivoire,2022,37,56.2,4.22,0.245,48,0,-0.3337724209
Cote d'Ivoire,2023,40,56.7,4.22,0.244,27,0,-0.3595120311
Cote d'Ivoire,2024,45,,4.22,0.251,20,0,
Cote d'Ivoire,2025,43,,,,35,,
Democratic Republic of the Congo,2004,2,,,,,,
Democratic Republic of the Congo,2005,2.1,,,,,,
Democratic Republic of the Congo,2006,2,,,,,,
Democratic Republic of the Congo,2007,1.9,,,,,,
Democratic Republic of the Congo,2008,1.7,,,,,,
Democratic Republic of the Congo,2009,1.9,,,,,,
Democratic Republic of the Congo,2010,2,,,,,,
Democratic Republic of the Congo,2011,2,,,,,,
Democratic Republic of the Congo,2012,21,,,,,,
Democratic Republic of the Congo,2013,22,,,,,,
Democratic Republic of the Congo,2014,22,,,,,,
Democratic Republic of the Congo,2015,22,,,,,,
Democratic Republic of the Congo,2016,21,,,,,,
Democratic Republic of the Congo,2017,21,,,,,,
Democratic Republic of the Congo,2018,20,,,,,,
Democratic Republic of the Congo,2019,18,,,,,,
Democratic Republic of the Congo,2020,18,,,,,,
Democratic Republic of the Congo,2021,19,,,,,,
Democratic Republic of the Congo,2022,20,,,,,,
Democratic Republic of the Congo,2023,20,,,,,,
Democratic Republic of the Congo,2024,20,,,,,,
Democratic Republic of the Congo,2025,20,,,,,,
Djibouti,1990,,,,0.086,,60,
Djibouti,1991,,,,0.082,,134,
Djibouti,1992,,,,0.105,,129,
Djibouti,1993,,,,0.11,,33,
Djibouti,1994,,,,0.11,,39,
Djibouti,1995,,,,0.11,,18,
Djibouti,1996,,,,0.11,,0,-0.8933079243
Djibouti,1997,,,,0.11,0,11,
Djibouti,1998,,,,0.115,3,16,-0.8502745628
Djibouti,1999,,,,0.115,13,25,
Djibouti,2000,,,,0.118,0,0,-0.9045057297
Djibouti,2001,,,,0.119,0,0,
Djibouti,2002,,,,0.121,2,0,-0.7647284269
Djibouti,2003,,,,0.12,0,0,-0.710449934
Djibouti,2004,,,,0.121,0,0,-0.63551265
Djibouti,2005,,,,0.116,0,0,-0.8164376616
Djibouti,2006,,,2.37,0.115,0,0,-0.9157331586
Djibouti,2007,2.9,,,0.115,0,0,-0.9025034308
Djibouti,2008,3,,2.37,0.114,10,35,-0.9174343348
Djibouti,2009,2.8,,,0.113,4,0,-0.9330814481
Djibouti,2010,3.2,,2.2,0.114,3,0,-1.00690794
Djibouti,2011,3,,2.68,0.114,3,0,-0.9810076356
Djibouti,2012,36,,2.74,0.115,1,0,-1.081616044
Djibouti,2013,36,,2.96,0.114,0,0,-0.9809541702
Djibouti,2014,34,39.2,2.99,0.115,11,0,-1.016117573
Djibouti,2015,34,39.7,2.9,0.115,27,0,-1.017742515
Djibouti,2016,30,39.7,2.83,0.114,0,0,-1.039555311
Djibouti,2017,31,39.5,2.76,0.111,0,0,-1.086727023
Djibouti,2018,31,40.9,2.87,0.114,0,6,-0.9860453606
Djibouti,2019,30,41.8,2.77,0.124,4,0,-0.818095088
Djibouti,2020,27,42.2,2.71,0.122,0,0,-0.7610621452
Djibouti,2021,30,42.5,2.74,0.122,5,3,-0.8321564198
Djibouti,2022,30,43,2.74,0.123,7,0,-0.7868021131
Djibouti,2023,30,43.1,2.7,0.121,17,0,-0.7314754128
Djibouti,2024,31,,2.7,0.121,1,0,
Djibouti,2025,31,,,,0,,
Egypt,1990,,,,0.165,,4,
Egypt,1991,,,,0.162,,0,
Egypt,1992,,,,0.162,,11,
Egypt,1993,,,,0.163,,103,
Egypt,1994,,,,0.16,,145,
Egypt,1995,,,,0.161,,193,
Egypt,1996,2.84,,,0.161,,85,-0.4736760855
Egypt,1997,,,,0.16,168,66,
Egypt,1998,2.9,,,0.159,26,27,-0.2047472745
Egypt,1999,3.3,,,0.159,8,4,
Egypt,2000,3.1,,,0.157,77,5,-0.1747593284
Egypt,2001,3.6,,,0.154,4,0,
Egypt,2002,3.4,,,0.154,24,0,-0.4460982978
Egypt,2003,3.3,,,0.154,0,0,-0.389788568
Egypt,2004,3.2,,,0.154,28,1,-0.2787114978
Egypt,2005,3.4,,,0.155,104,36,-0.3990567327
Egypt,2006,3.3,,3.9,0.155,24,2,-0.4982372224
Egypt,2007,2.9,,,0.156,0,0,-0.3747263849
Egypt,2008,2.8,,3.89,0.157,26,2,-0.3807035387
Egypt,2009,2.8,,,0.157,17,1,-0.2080881
Egypt,2010,3.1,,3.07,0.155,69,1,-0.3213099539
Egypt,2011,2.9,,3.95,0.124,319,31,-0.4408890605
Egypt,2012,32,,4.56,0.16,142,75,-0.6818782091
Egypt,2013,32,,3.27,0.097,1407,135,-0.7829368711
Egypt,2014,37,48,3.16,0.085,1260,249,-0.7166567445
Egypt,2015,36,49.3,3.18,0.095,2809,767,-0.6903277636
Egypt,2016,34,50.3,3.31,0.123,1716,368,-0.5361688733
Egypt,2017,32,50.6,3.36,0.116,1544,497,-0.530632019
Egypt,2018,35,50.3,3.36,0.113,1114,684,-0.4540362954
Egypt,2019,35,48.8,3.06,0.121,1003,637,-0.2513543069
Egypt,2020,33,48.9,2.93,0.121,623,528,-0.4461716115
Egypt,2021,33,49.8,2.93,0.122,264,112,-0.4576967955
Egypt,2022,30,50.5,2.93,0.129,274,231,-0.4482313097
Egypt,2023,35,51,2.93,0.128,28,6,-0.2395169735
Egypt,2024,30,,2.79,0.129,18,0,
Egypt,2025,30,,,,53,,
Equatorial Guinea,1990,,,,0.051,,0,
Equatorial Guinea,1991,,,,0.051,,0,
Equatorial Guinea,1992,,,,0.05,,0,
Equatorial Guinea,1993,,,,0.052,,0,
Equatorial Guinea,1994,,,,0.053,,0,
Equatorial Guinea,1995,,,,0.054,,0,
Equatorial Guinea,1996,,,,0.054,,0,-0.9584044814
Equatorial Guinea,1997,,,,0.052,0,0,
Equatorial Guinea,1998,,,,0.052,6,0,-1.041311145
Equatorial Guinea,1999,,,,0.053,0,0,
Equatorial Guinea,2000,,,,0.054,0,0,-1.061323404
Equatorial Guinea,2001,,,,0.054,0,0,
Equatorial Guinea,2002,,,,0.054,0,0,-1.142499089
Equatorial Guinea,2003,,,,0.054,1,0,-1.106022835
Equatorial Guinea,2004,,,,0.054,12,0,-1.192216873
Equatorial Guinea,2005,1.9,,,0.054,0,0,-1.186232328
Equatorial Guinea,2006,2.1,,2.09,0.054,0,0,-1.274285555
Equatorial Guinea,2007,1.9,,,0.054,0,0,-1.272187829
Equatorial Guinea,2008,1.7,,2.19,0.053,1,0,-1.262657881
Equatorial Guinea,2009,1.8,,,0.053,3,0,-1.256609201
Equatorial Guinea,2010,1.9,,1.84,0.05,7,0,-1.256140471
Equatorial Guinea,2011,1.9,,1.77,0.05,0,0,-1.257892609
Equatorial Guinea,2012,20,,1.83,0.05,1,0,-1.253587604
Equatorial Guinea,2013,19,,1.77,0.052,0,0,-1.35611558
Equatorial Guinea,2014,,27.4,1.66,0.053,0,0,-1.162660003
Equatorial Guinea,2015,,27.4,1.77,0.051,0,0,-1.179073334
Equatorial Guinea,2016,,27.8,1.7,0.052,0,0,-1.164369941
Equatorial Guinea,2017,17,27.7,1.81,0.05,5,0,-1.172330379
Equatorial Guinea,2018,16,28.2,1.92,0.052,4,0,-1.196211457
Equatorial Guinea,2019,16,28.5,1.92,0.052,1,0,-1.041347861
Equatorial Guinea,2020,16,28.4,1.92,0.051,0,0,-1.215559959
Equatorial Guinea,2021,17,28.9,1.92,0.05,1,0,-1.184058547
Equatorial Guinea,2022,17,28.9,1.92,0.048,4,0,-1.297055483
Equatorial Guinea,2023,17,30.1,1.92,0.053,0,0,-1.320349097
Equatorial Guinea,2024,13,,1.92,0.049,0,0,
Equatorial Guinea,2025,15,,,,0,,
Eritrea,1990,,,,0.015,,0,
Eritrea,1991,,,,0.028,,0,
Eritrea,1992,,,,0.042,,0,
Eritrea,1993,,,,0.037,,21,
Eritrea,1994,,,,0.037,,0,
Eritrea,1995,,,,0.036,,0,
Eritrea,1996,,,,0.036,,14,-1.149679661
Eritrea,1997,,,,0.04,100,31,
Eritrea,1998,,,,0.034,1298,792,-1.100677967
Eritrea,1999,,,,0.032,52057,17203,
Eritrea,2000,,,,0.028,193,1793,-1.15839386
Eritrea,2001,,,,0.017,6,0,
Eritrea,2002,,,,0.011,1,0,-0.7399946451
Eritrea,2003,,,,0.006,24,57,-0.8423976302
Eritrea,2004,2.6,,,0.006,56,0,-1.052772284
Eritrea,2005,2.6,,,0.006,165,0,-0.9842839837
Eritrea,2006,2.9,,2.31,0.006,2,0,-1.33474803
Eritrea,2007,2.8,,,0.005,5,0,-1.345759273
Eritrea,2008,2.6,,2.31,0.005,250,0,-1.338564634
Eritrea,2009,2.6,,,0.005,9,0,-1.399344325
Eritrea,2010,2.6,,2.31,0.005,70,0,-1.399127483
Eritrea,2011,2.5,,2.34,0.005,9,0,-1.492120028
Eritrea,2012,25,,2.4,0.005,0,0,-1.512514591
Eritrea,2013,20,,2.4,0.006,118,0,-1.552027225
Eritrea,2014,18,25.6,2.44,0.007,10,0,-1.680772066
Eritrea,2015,18,25.6,2.37,0.006,3,0,-1.679695249
Eritrea,2016,18,25.6,2.37,0.006,37,25,-1.781511307
Eritrea,2017,20,26.1,2.37,0.007,1,0,-1.797552109
Eritrea,2018,24,25.5,2.37,0.007,1,0,-1.76837337
Eritrea,2019,23,26,2.37,0.009,0,0,-1.802595377
Eritrea,2020,21,26.5,2.15,0.01,1,0,-1.643217921
Eritrea,2021,22,26.8,2.03,0.011,0,0,-1.695973754
Eritrea,2022,22,27.4,2.03,0.012,0,4,-1.731297612
Eritrea,2023,21,27.5,1.97,0.01,1,0,-1.793756127
Eritrea,2024,13,,1.97,0.009,0,0,
Eritrea,2025,13,,,,1,,
Eswatini,1990,,,,0.104,,0,
Eswatini,1991,,,,0.104,,0,
Eswatini,1992,,,,0.104,,0,
Eswatini,1993,,,,0.103,,0,
Eswatini,1994,,,,0.099,,0,
Eswatini,1995,,,,0.099,,0,
Eswatini,1996,,,,0.099,,0,-0.6369361281
Eswatini,1997,,,,0.099,0,0,
Eswatini,1998,,,,0.092,0,0,-0.5998711586
Eswatini,1999,,,,0.094,0,0,
Eswatini,2000,,,,0.095,0,0,-0.6506177783
Eswatini,2001,,,,0.095,0,0,
Eswatini,2002,,,,0.095,0,0,-0.4981719553
Eswatini,2003,,,,0.095,0,0,-0.710449934
Eswatini,2004,,,,0.095,0,0,-1.083511114
Eswatini,2005,2.7,,,0.094,0,0,-0.9511485696
Eswatini,2006,,,2.93,0.096,0,0,-0.5520612597
Eswatini,2007,3.3,,,0.095,0,0,-0.573425591
Eswatini,2008,3.6,,3.04,0.096,0,0,-0.4677838683
Eswatini,2009,3.6,,,0.097,0,0,-0.4295470715
Eswatini,2010,3.2,,2.9,0.094,0,0,-0.2982208431
Eswatini,2011,3.1,,3.26,0.094,0,0,-0.5211958289
Eswatini,2012,37,,3.2,0.094,0,0,-0.3860577047
Eswatini,2013,39,,3.2,0.096,0,0,-0.3700763583
Eswatini,2014,43,46.7,3.09,0.096,0,0,-0.495312959
Eswatini,2015,,47,3.09,0.096,0,0,-0.5403647423
Eswatini,2016,,46.3,3.03,0.096,0,0,-0.5420092344
Eswatini,2017,39,47,3.03,0.097,0,0,-0.4917968512
Eswatini,2018,38,47.2,3.03,0.112,0,0,-0.6723408699
Eswatini,2019,34,47.3,3.14,0.111,0,0,-0.6384982467
Eswatini,2020,33,47.2,3.08,0.111,0,0,-0.7543871403
Eswatini,2021,32,45.6,3.08,0.093,0,0,-0.7510796785
Eswatini,2022,30,44.1,3.01,0.095,0,0,-0.7814041972
Eswatini,2023,30,44.5,2.78,0.095,0,0,-0.8849583268
Eswatini,2024,27,,2.6,0.097,0,0,
Eswatini,2025,23,,,,0,,
Ethiopia,1990,,,,0.033,,49856,
Ethiopia,1991,,,,0.077,,12440,
Ethiopia,1992,,,,0.097,,1026,
Ethiopia,1993,,,,0.097,,133,
Ethiopia,1994,,,,0.085,,76,
Ethiopia,1995,,,,0.098,,1043,
Ethiopia,1996,,,,0.112,,65,-1.207593679
Ethiopia,1997,,,,0.112,84,12,
Ethiopia,1998,,,,0.112,818,1027,-1.190728784
Ethiopia,1999,,,,0.112,18629,30786,
Ethiopia,2000,3.2,,,0.111,1391,48666,-1.206501126
Ethiopia,2001,,,,0.111,809,388,
Ethiopia,2002,3.5,,,0.111,4141,809,-1.044390798
Ethiopia,2003,2.5,,,0.112,800,1091,-1.070227385
Ethiopia,2004,2.3,,,0.111,951,475,-0.8787226081
Ethiopia,2005,2.2,,,0.116,1270,290,-0.9177183509
Ethiopia,2006,2.4,,4.72,0.11,366,430,-0.6905804873
Ethiopia,2007,2.4,,,0.112,1423,418,-0.4717485905
Ethiopia,2008,2.6,,4.52,0.112,626,311,-0.450209558
Ethiopia,2009,2.7,,,0.113,1862,590,-0.562428534
Ethiopia,2010,2.7,,3.68,0.109,1588,152,-0.4889946282
Ethiopia,2011,2.7,,3.79,0.108,635,66,-0.5210419297
Ethiopia,2012,33,,3.72,0.108,864,391,-0.4541803598
Ethiopia,2013,33,,3.83,0.104,550,88,-0.6209843159
Ethiopia,2014,33,45.9,3.72,0.104,319,139,-0.4432452321
Ethiopia,2015,33,46.5,3.83,0.103,750,307,-0.7120376229
Ethiopia,2016,34,46.6,3.6,0.1,2281,529,-0.7142948508
Ethiopia,2017,35,45.7,3.42,0.099,1280,488,-0.7592553496
Ethiopia,2018,34,47.8,3.35,0.132,1394,713,-0.6668942571
Ethiopia,2019,37,49.9,3.44,0.16,500,421,-0.6614207625
Ethiopia,2020,38,49.8,3.38,0.153,4140,24072,-0.5895825624
Ethiopia,2021,39,48.8,3.3,0.14,8410,128939,-0.6503826976
Ethiopia,2022,38,49.2,3.17,0.134,6346,164588,-0.791824162
Ethiopia,2023,37,48.4,3.37,0.109,3608,2067,-0.7686620951
Ethiopia,2024,37,,3.24,0.098,7404,3746,
Ethiopia,2025,38,,,,6235,,
Gabon,1990,,,,0.156,,0,
Gabon,1991,,,,0.19,,0,
Gabon,1992,,,,0.199,,0,
Gabon,1993,,,,0.2,,0,
Gabon,1994,,,,0.202,,0,
Gabon,1995,,,,0.202,,0,
Gabon,1996,,,,0.201,,0,-0.1991520077
Gabon,1997,,,,0.204,4,0,
Gabon,1998,,,,0.204,0,0,-0.462085247
Gabon,1999,,,,0.204,4,0,
Gabon,2000,,,,0.201,0,0,-0.4848812521
Gabon,2001,,,,0.202,0,0,
Gabon,2002,,,,0.202,0,0,-0.2826066911
Gabon,2003,,,,0.202,0,0,-0.4254138768
Gabon,2004,3.3,,,0.202,2,0,-0.8493282795
Gabon,2005,2.9,,,0.202,0,0,-0.8362707496
Gabon,2006,3,,2.72,0.205,1,0,-0.8358132243
Gabon,2007,3.3,,,0.205,0,0,-0.8336150646
Gabon,2008,3.1,,3,0.205,0,0,-0.9007294178
Gabon,2009,2.9,,,0.206,0,0,-0.7623234987
Gabon,2010,2.8,,3.29,0.209,0,0,-0.7959740758
Gabon,2011,3,,3.48,0.209,0,0,-0.8474734426
Gabon,2012,35,,3.56,0.216,0,0,-0.9612098932
Gabon,2013,34,,3.76,0.228,0,0,-0.8688938022
Gabon,2014,37,45.9,3.76,0.228,0,0,-0.6067073345
Gabon,2015,34,46,3.76,0.228,0,0,-0.7593626976
Gabon,2016,35,45.3,3.74,0.23,5,0,-0.8326912522
Gabon,2017,32,44.5,3.61,0.234,0,0,-1.004271269
Gabon,2018,31,45,3.61,0.214,0,0,-0.8265975714
Gabon,2019,31,44.6,3.61,0.205,6,0,-0.9575045109
Gabon,2020,30,45,3.54,0.201,1,0,-0.9914754033
Gabon,2021,31,45.9,3.4,0.203,2,0,-0.8163821697
Gabon,2022,29,46.5,3.4,0.206,0,0,-0.685424149
Gabon,2023,28,46.6,2.18,0.189,2,0,-0.7798092961
Gabon,2024,27,,2.18,0.155,1,0,
Gabon,2025,29,,,,1,,
Gambia,1990,,,,0.337,,0,
Gambia,1991,,,,0.337,,0,
Gambia,1992,,,,0.332,,0,
Gambia,1993,,,,0.319,,0,
Gambia,1994,,,,0.14,,0,
Gambia,1995,,,,0.074,,0,
Gambia,1996,,,,0.08,,0,-0.6190828681
Gambia,1997,,,,0.126,1,0,
Gambia,1998,,,,0.129,0,0,-0.4775203466
Gambia,1999,,,,0.128,0,0,
Gambia,2000,,,,0.125,3,0,-0.50956285
Gambia,2001,,,,0.124,7,0,
Gambia,2002,,,,0.123,1,0,-0.6198897362
Gambia,2003,2.5,,,0.121,0,0,-0.41979298
Gambia,2004,2.8,,,0.119,1,1,-0.5929665565
Gambia,2005,2.7,,,0.119,57,8,-0.7234728336
Gambia,2006,2.5,,4.39,0.116,0,0,-0.7292122245
Gambia,2007,2.3,,,0.114,15,0,-0.6148881316
Gambia,2008,1.9,,4.19,0.114,0,0,-0.7691831589
Gambia,2009,2.9,,,0.114,18,0,-0.7434439659
Gambia,2010,3.2,,3.38,0.114,0,0,-0.7470902205
Gambia,2011,3.5,,3.38,0.114,0,0,-0.6736571193
Gambia,2012,34,,3.31,0.113,8,1,-0.5752785802
Gambia,2013,28,,3.31,0.105,0,0,-0.7401521206
Gambia,2014,29,47.5,3.05,0.106,3,0,-0.7199933529
Gambia,2015,28,47.3,2.97,0.107,0,0,-0.9906108379
Gambia,2016,26,47.3,2.91,0.109,4,0,-0.9373651743
Gambia,2017,30,53.9,4.06,0.39,4,0,-0.7450890541
Gambia,2018,37,55.7,4.31,0.417,0,0,-0.7513733506
Gambia,2019,37,54.8,4.33,0.422,2,0,-0.7652383447
Gambia,2020,37,54.5,4.49,0.405,0,0,-0.7862142324
Gambia,2021,37,54,4.41,0.415,1,0,-0.6761037111
Gambia,2022,34,54.3,4.47,0.5,4,0,-0.6535725594
Gambia,2023,37,54.7,4.47,0.517,2,0,-0.5905934572
Gambia,2024,38,,4.47,0.507,1,1,
Gambia,2025,37,,,,0,,
Ghana,1990,,,,0.096,,0,
Ghana,1991,,,,0.097,,30,
Ghana,1992,,,,0.114,,63,
Ghana,1993,,,,0.332,,2,
Ghana,1994,,,,0.391,,2004,
Ghana,1995,,,,0.401,,155,
Ghana,1996,,,,0.43,,0,-0.1199337691
Ghana,1997,,,,0.51,4,0,
Ghana,1998,3.3,,,0.51,4,0,-0.2190857381
Ghana,1999,3.3,,,0.515,0,0,
Ghana,2000,3.5,,,0.58,34,30,0.03352625668
Ghana,2001,3.4,,,0.628,144,50,
Ghana,2002,3.9,,,0.635,38,36,-0.08857870102
Ghana,2003,3.3,,,0.638,7,0,-0.2906724811
Ghana,2004,3.6,,,0.648,3,0,-0.3511972129
Ghana,2005,3.5,,,0.639,2,0,-0.2112723291
Ghana,2006,3.3,,5.35,0.639,3,0,0.02757847495
Ghana,2007,3.7,,,0.64,11,0,0.08627495915
Ghana,2008,3.9,,5.35,0.639,29,55,-0.03050913289
Ghana,2009,3.9,,,0.659,21,8,-0.1248683482
Ghana,2010,4.1,,6.02,0.671,6,1,-0.1027740836
Ghana,2011,3.9,,6.02,0.671,5,0,-0.09015548229
Ghana,2012,45,,6.02,0.67,15,0,-0.09000876546
Ghana,2013,46,,6.33,0.643,23,0,-0.1344149411
Ghana,2014,48,61,6.33,0.636,14,0,-0.3079531789
Ghana,2015,47,62.2,6.86,0.633,31,0,-0.3197858632
Ghana,2016,43,63.3,6.75,0.618,39,0,-0.2540533841
Ghana,2017,40,64.4,6.69,0.636,86,0,-0.1871490777
Ghana,2018,41,63.5,6.63,0.632,23,0,-0.3199470937
Ghana,2019,41,63.4,6.63,0.613,42,0,-0.2899612486
Ghana,2020,43,62.6,6.5,0.606,69,0,-0.1969793439
Ghana,2021,43,61.9,6.5,0.56,47,0,-0.1765135229
Ghana,2022,43,61.9,6.43,0.56,116,16,-0.1064212695
Ghana,2023,43,62.2,6.3,0.561,177,15,-0.09266158938
Ghana,2024,42,,6.24,0.567,147,7,
Ghana,2025,43,,,,260,,
Guinea,1990,,,,0.045,,0,
Guinea,1991,,,,0.073,,0,
Guinea,1992,,,,0.077,,0,
Guinea,1993,,,,0.079,,0,
Guinea,1994,,,,0.081,,0,
Guinea,1995,,,,0.099,,0,
Guinea,1996,,,,0.109,,0,-1.169292927
Guinea,1997,,,,0.105,0,0,
Guinea,1998,,,,0.107,84,0,-0.8491919637
Guinea,1999,,,,0.108,451,0,
Guinea,2000,,,,0.107,1345,248,-0.877114892
Guinea,2001,,,,0.109,700,430,
Guinea,2002,,,,0.108,14,0,-0.9598070383
Guinea,2003,,,,0.113,0,0,-0.7682683468
Guinea,2004,,,,0.112,5,0,-0.9059385657
Guinea,2005,,,,0.112,7,3,-1.065179944
Guinea,2006,1.9,,2.02,0.113,14,15,-1.272546649
Guinea,2007,1.9,,,0.119,62,45,-1.257239223
Guinea,2008,1.6,,2.09,0.094,6,0,-1.183345079
Guinea,2009,1.8,,,0.054,167,160,-1.04185617
Guinea,2010,2,,2.79,0.089,32,1,-1.121801972
Guinea,2011,2.1,,2.79,0.113,5,25,-1.142931342
Guinea,2012,24,,2.79,0.113,16,9,-1.258166909
Guinea,2013,24,,2.84,0.113,106,98,-1.170506477
Guinea,2014,25,42.2,3.01,0.156,11,0,-1.238075733
Guinea,2015,25,42.6,3.14,0.16,29,3,-1.185445189
Guinea,2016,27,42.8,3.14,0.16,4,0,-1.065927148
Guinea,2017,27,42.2,3.14,0.16,28,0,-1.085493922
Guinea,2018,28,42.3,3.14,0.151,28,0,-1.025496125
Guinea,2019,29,42.1,3.14,0.138,33,1,-0.8557513952
Guinea,2020,28,41.4,3.08,0.109,66,49,-0.9690977335
Guinea,2021,25,42.3,2.28,0.097,21,1,-0.9524504542
Guinea,2022,25,42.4,2.32,0.081,20,0,-0.9142158628
Guinea,2023,26,41.9,2.21,0.08,45,0,-0.9079385996
Guinea,2024,28,,2.04,0.075,40,0,
Guinea,2025,26,,,,29,,
Guinea-Bissau,1990,,,,0.049,,0,
Guinea-Bissau,1991,,,,0.049,,0,
Guinea-Bissau,1992,,,,0.058,,2,
Guinea-Bissau,1993,,,,0.082,,0,
Guinea-Bissau,1994,,,,0.142,,0,
Guinea-Bissau,1995,,,,0.209,,0,
Guinea-Bissau,1996,,,,0.209,,0,-1.409645319
Guinea-Bissau,1997,,,,0.208,0,0,
Guinea-Bissau,1998,,,,0.208,567,505,-1.290109992
Guinea-Bissau,1999,,,,0.207,229,199,
Guinea-Bissau,2000,,,,0.235,14,0,-0.9669775367
Guinea-Bissau,2001,,,,0.243,13,0,
Guinea-Bissau,2002,,,,0.249,0,0,-1.060361862
Guinea-Bissau,2003,,,,0.214,3,0,-1.189896345
Guinea-Bissau,2004,,,,0.225,6,0,-1.347093582
Guinea-Bissau,2005,,,,0.273,2,0,-1.36588943
Guinea-Bissau,2006,,,2,0.271,61,0,-1.131372213
Guinea-Bissau,2007,2.2,,,0.273,0,0,-1.104928732
Guinea-Bissau,2008,1.9,,1.99,0.238,5,0,-1.064272881
Guinea-Bissau,2009,1.9,,,0.273,6,0,-1.051435113
Guinea-Bissau,2010,2.1,,1.99,0.273,0,0,-1.070348144
Guinea-Bissau,2011,2.2,,1.99,0.272,1,0,-1.075679898
Guinea-Bissau,2012,25,,1.43,0.175,9,0,-1.292102098
Guinea-Bissau,2013,19,,1.26,0.203,3,0,-1.457034111
Guinea-Bissau,2014,19,39.9,1.93,0.279,22,0,-1.644835949
Guinea-Bissau,2015,17,42.2,1.93,0.305,1,0,-1.654444456
Guinea-Bissau,2016,16,41.5,1.98,0.306,0,0,-1.707299471
Guinea-Bissau,2017,17,41.4,1.98,0.304,0,0,-1.80647552
Guinea-Bissau,2018,16,42.1,1.98,0.322,0,0,-1.521936774
Guinea-Bissau,2019,18,42.1,2.63,0.338,1,0,-1.560185552
Guinea-Bissau,2020,19,41.8,2.63,0.338,8,0,-1.465614915
Guinea-Bissau,2021,21,41.4,2.75,0.334,0,0,-1.448295355
Guinea-Bissau,2022,21,41.3,2.56,0.148,12,0,-1.486932755
Guinea-Bissau,2023,22,40.9,2.45,0.242,5,0,-1.432584286
Guinea-Bissau,2024,21,,2.03,0.149,9,0,
Guinea-Bissau,2025,21,,,,1,,
Kenya,1990,,,,0.123,,7,
Kenya,1991,,,,0.131,,17,
Kenya,1992,,,,0.186,,159,
Kenya,1993,,,,0.209,,287,
Kenya,1994,,,,0.208,,34,
Kenya,1995,,,,0.21,,60,
Kenya,1996,2.21,,,0.21,,170,-0.5208500624
Kenya,1997,,,,0.21,470,212,
Kenya,1998,2.5,,,0.222,615,322,-0.4903289974
Kenya,1999,2,,,0.222,339,229,
Kenya,2000,2.1,,,0.249,443,254,-0.6200786233
Kenya,2001,2,,,0.249,638,192,
Kenya,2002,1.9,,,0.285,424,32,-0.7564931512
Kenya,2003,1.9,,,0.352,169,7,-0.7058860064
Kenya,2004,2.1,,,0.352,182,20,-0.6661355495
Kenya,2005,2.1,,,0.356,350,215,-0.70911026
Kenya,2006,2.2,,5.08,0.356,256,195,-0.6554595828
Kenya,2007,2.1,,,0.353,704,107,-0.5292110443
Kenya,2008,2.1,,4.79,0.3,1097,703,-0.6244751215
Kenya,2009,2.2,,,0.304,180,133,-0.6644793749
Kenya,2010,2.1,,4.71,0.357,210,87,-0.5829484463
Kenya,2011,2.2,,4.71,0.358,208,136,-0.5785266757
Kenya,2012,27,,4.71,0.359,505,276,-0.5401348472
Kenya,2013,27,,5.13,0.409,755,206,-0.477865994
Kenya,2014,25,57.8,5.13,0.422,609,198,-0.3589015305
Kenya,2015,25,58.6,5.33,0.422,511,215,-0.3939769864
Kenya,2016,26,59.4,5.33,0.419,222,102,-0.4024305642
Kenya,2017,28,59.4,5.11,0.406,682,197,-0.3903566003
Kenya,2018,27,58.8,5.11,0.391,451,152,-0.4936531782
Kenya,2019,28,59.2,5.18,0.394,358,164,-0.4416591525
Kenya,2020,31,59.2,5.05,0.398,348,136,-0.3994733691
Kenya,2021,30,59.9,5.05,0.427,484,127,-0.3259094954
Kenya,2022,32,60.5,5.05,0.449,684,81,-0.3295332193
Kenya,2023,31,60.3,5.05,0.457,973,202,-0.3036051989
Kenya,2024,32,,5.05,0.432,713,104,
Kenya,2025,30,,,,891,,
Lesotho,1990,,,,0.176,,0,
Lesotho,1991,,,,0.153,,0,
Lesotho,1992,,,,0.155,,0,
Lesotho,1993,,,,0.363,,0,
Lesotho,1994,,,,0.337,,0,
Lesotho,1995,,,,0.257,,0,
Lesotho,1996,,,,0.258,,0,-0.1241926998
Lesotho,1997,,,,0.258,7,0,
Lesotho,1998,,,,0.288,95,78,-0.09906432033
Lesotho,1999,,,,0.262,16,0,
Lesotho,2000,,,,0.26,0,0,-0.1428416073
Lesotho,2001,,,,0.26,0,0,
Lesotho,2002,,,,0.378,9,0,0.03232838959
Lesotho,2003,,,,0.452,1,0,0.04844728485
Lesotho,2004,,,,0.452,0,0,-0.511713028
Lesotho,2005,3.4,,,0.454,0,0,-0.1712748706
Lesotho,2006,3.2,,6.48,0.455,2,0,-0.5295339823
Lesotho,2007,3.3,,,0.422,0,0,-0.4657397568
Lesotho,2008,3.2,,6.29,0.421,0,0,-0.4637235701
Lesotho,2009,3.3,,,0.42,4,0,-0.3966791332
Lesotho,2010,3.5,,6.02,0.433,1,0,-0.39651528
Lesotho,2011,3.5,,6.33,0.439,0,0,-0.376850903
Lesotho,2012,45,,6.66,0.455,8,0,-0.4265882969
Lesotho,2013,49,,6.66,0.479,0,0,-0.4572463334
Lesotho,2014,49,55.8,6.66,0.482,1,0,-0.5959683061
Lesotho,2015,44,55.5,6.59,0.449,4,0,-0.7579168677
Lesotho,2016,39,55,6.59,0.429,4,0,-0.8787027597
Lesotho,2017,42,55.4,6.64,0.375,4,0,-0.9241704345
Lesotho,2018,41,54.7,6.64,0.447,0,0,-0.9225831032
Lesotho,2019,40,53.8,6.54,0.494,6,0,-0.9025337696
Lesotho,2020,41,53.8,6.3,0.509,6,0,-0.9786319137
Lesotho,2021,38,53.4,6.3,0.497,9,0,-0.9471566677
Lesotho,2022,37,53.7,6.19,0.514,14,0,-0.8879933357
Lesotho,2023,39,53.9,6.06,0.529,12,0,-0.9536063075
Lesotho,2024,37,,6.06,0.516,3,0,
Lesotho,2025,37,,,,0,,
Liberia,1990,,,,0.064,,1634,
Liberia,1991,,,,0.179,,306,
Liberia,1992,,,,0.18,,55,
Liberia,1993,,,,0.182,,113,
Liberia,1994,,,,0.16,,489,
Liberia,1995,,,,0.143,,23,
Liberia,1996,,,,0.118,,2000,-1.719502926
Liberia,1997,,,,0.13,2,4,
Liberia,1998,,,,0.162,102,13,-1.731027842
Liberia,1999,,,,0.159,529,70,
Liberia,2000,,,,0.16,43,101,-1.791944146
Liberia,2001,,,,0.159,55,461,
Liberia,2002,,,,0.159,36,2140,-1.531707287
Liberia,2003,,,,0.149,324,2863,-1.41765511
Liberia,2004,,,,0.246,19,0,-1.416594505
Liberia,2005,2.2,,,0.269,16,0,-1.415051818
Liberia,2006,2.7,,5.22,0.503,0,0,-1.21079874
Liberia,2007,2.1,,,0.511,1,0,-1.160725713
Liberia,2008,2.4,,5.25,0.511,0,0,-1.218047142
Liberia,2009,3.1,,,0.51,0,0,-1.190924168
Liberia,2010,3.3,,5.07,0.49,12,0,-1.252044439
Liberia,2011,3.2,,5.07,0.489,14,0,-1.220951676
Liberia,2012,41,,4.95,0.479,0,0,-1.158508182
Liberia,2013,38,,4.95,0.457,2,0,-1.364634275
Liberia,2014,37,45.3,4.95,0.452,6,0,-1.338082314
Liberia,2015,37,46,4.95,0.451,4,0,-1.373589516
Liberia,2016,37,47.4,5.31,0.456,8,0,-1.316637754
Liberia,2017,31,48.8,5.23,0.46,7,0,-1.364268661
Liberia,2018,32,49,5.35,0.429,3,0,-1.323207617
Liberia,2019,28,47.8,5.45,0.408,10,1,-1.394974947
Liberia,2020,28,47.4,5.32,0.419,2,2,-1.459123373
Liberia,2021,29,48.2,5.43,0.407,6,0,-1.409943223
Liberia,2022,26,48.8,5.43,0.407,11,0,-1.431079865
Liberia,2023,25,49.1,5.57,0.423,9,0,-1.355364323
Liberia,2024,27,,5.57,0.404,4,1,
Liberia,2025,28,,,,22,,
Libya,1990,,,,0.046,,0,
Libya,1991,,,,0.046,,0,
Libya,1992,,,,0.047,,0,
Libya,1993,,,,0.047,,0,
Libya,1994,,,,0.047,,0,
Libya,1995,,,,0.046,,0,
Libya,1996,,,,0.046,,0,-0.8840264082
Libya,1997,,,,0.046,9,0,
Libya,1998,,,,0.046,2,0,-0.9336074591
Libya,1999,,,,0.046,0,0,
Libya,2000,,,,0.046,52,0,-1.075034142
Libya,2001,,,,0.046,0,0,
Libya,2002,,,,0.046,0,0,-1.030079365
Libya,2003,2.1,,,0.041,0,0,-0.9295369387
Libya,2004,2.5,,,0.041,0,0,-0.8650467396
Libya,2005,2.5,,,0.041,1,0,-1.051962852
Libya,2006,4.8,,1.84,0.041,0,0,-1.079765797
Libya,2007,2.5,,,0.042,0,0,-1.226707458
Libya,2008,2.6,,2,0.041,40,6,-1.131786108
Libya,2009,2.5,,,0.041,10,0,-1.084943414
Libya,2010,2.2,,1.94,0.043,0,0,-1.08740437
Libya,2011,2,,3.55,0.061,5482,3914,-1.053588867
Libya,2012,21,,5.15,0.207,528,378,-1.26853776
Libya,2013,15,,4.82,0.299,405,36,-1.318309426
Libya,2014,18,36.7,3.8,0.173,3350,1455,-1.518478036
Libya,2015,16,37.2,2.25,0.17,3069,1476,-1.494342923
Libya,2016,14,38.1,2.25,0.168,3328,2333,-1.753514767
Libya,2017,17,37.8,2.32,0.164,1707,1095,-1.605536342
Libya,2018,17,37,2.19,0.15,1226,664,-1.685257792
Libya,2019,18,35.7,2.02,0.147,2294,1784,-1.774211407
Libya,2020,17,35.9,1.95,0.144,1560,685,-1.85938096
Libya,2021,17,37,1.95,0.125,115,12,-1.748114944
Libya,2022,17,38.2,2.06,0.108,159,13,-1.755771637
Libya,2023,18,38.4,1.78,0.103,95,2,-1.635889053
Libya,2024,13,,2.31,0.106,160,2,
Libya,2025,13,,,,277,,
Madagascar,1990,,,,0.109,,0,
Madagascar,1991,,,,0.145,,0,
Madagascar,1992,,,,0.146,,0,
Madagascar,1993,,,,0.249,,0,
Madagascar,1994,,,,0.368,,0,
Madagascar,1995,,,,0.351,,0,
Madagascar,1996,,,,0.346,,0,-0.4482354224
Madagascar,1997,,,,0.271,0,0,
Madagascar,1998,,,,0.266,0,0,-0.5467666984
Madagascar,1999,,,,0.266,0,0,
Madagascar,2000,,,,0.269,1,0,-0.5994256139
Madagascar,2001,,,,0.27,2,0,
Madagascar,2002,1.7,,,0.24,37,0,-0.3242640495
Madagascar,2003,2.6,,,0.261,1,0,-0.416089505
Madagascar,2004,3.1,,,0.264,1,0,-0.5878586769
Madagascar,2005,2.8,,,0.265,3,0,-0.3801542819
Madagascar,2006,3.1,,5.82,0.262,1,0,-0.6554225683
Madagascar,2007,3.2,,,0.268,22,0,-0.4998089969
Madagascar,2008,3.4,,5.57,0.271,2,0,-0.6843322515
Madagascar,2009,3,,,0.103,143,0,-0.8412116766
Madagascar,2010,2.6,,3.94,0.081,3,0,-0.9952138662
Madagascar,2011,3,,3.93,0.102,0,0,-1.069079399
Madagascar,2012,32,,3.93,0.102,233,0,-1.117277503
Madagascar,2013,28,,4.32,0.126,178,0,-1.147482514
Madagascar,2014,28,44.5,4.42,0.223,461,0,-1.322737694
Madagascar,2015,28,44.6,4.85,0.249,191,0,-1.33208251
Madagascar,2016,26,44.8,5.07,0.251,177,0,-1.228647351
Madagascar,2017,24,44.3,5.11,0.253,210,0,-1.194515347
Madagascar,2018,25,44.7,5.22,0.275,142,0,-1.21214354
Madagascar,2019,24,44.5,5.64,0.258,348,0,-1.193396926
Madagascar,2020,25,44.8,5.7,0.26,355,0,-1.053035736
Madagascar,2021,26,45.5,5.7,0.254,300,0,-1.02791667
Madagascar,2022,26,45.8,5.7,0.254,364,0,-0.9720330238
Madagascar,2023,25,45.3,5.26,0.24,509,0,-1.022776127
Madagascar,2024,26,,5.33,0.221,471,0,
Madagascar,2025,25,,,,271,,
Malawi,1990,,,,0.078,,0,
Malawi,1991,,,,0.078,,0,
Malawi,1992,,,,0.086,,0,
Malawi,1993,,,,0.11,,0,
Malawi,1994,,,,0.293,,0,
Malawi,1995,,,,0.429,,0,
Malawi,1996,,,,0.437,,0,-0.2869338691
Malawi,1997,,,,0.434,0,0,
Malawi,1998,4.1,,,0.434,0,0,-0.3405855
Malawi,1999,4.1,,,0.4,0,0,
Malawi,2000,4.1,,,0.38,2,0,-0.3571445644
Malawi,2001,3.2,,,0.385,7,0,
Malawi,2002,2.9,,,0.387,1,0,-0.7650859356
Malawi,2003,2.8,,,0.387,0,0,-0.7798383236
Malawi,2004,2.8,,,0.379,1,0,-0.8600018024
Malawi,2005,2.8,,,0.371,0,0,-0.8272980452
Malawi,2006,2.7,,4.97,0.37,0,0,-0.8933253288
Malawi,2007,2.7,,,0.369,1,0,-0.5719376802
Malawi,2008,2.8,,5.13,0.369,3,0,-0.586309433
Malawi,2009,3.3,,,0.399,0,0,-0.537756443
Malawi,2010,3.4,,5.84,0.407,0,0,-0.46991992
Malawi,2011,3,,5.84,0.406,20,0,-0.4738255143
Malawi,2012,37,,6.08,0.42,0,0,-0.5096526146
Malawi,2013,37,,6,0.44,2,0,-0.5095840693
Malawi,2014,33,54,5.66,0.438,8,0,-0.6572113633
Malawi,2015,31,54,5.55,0.445,12,0,-0.7385826707
Malawi,2016,31,52.9,5.55,0.44,23,0,-0.7956959605
Malawi,2017,31,53.1,5.49,0.454,19,0,-0.7253382802
Malawi,2018,32,53.1,5.49,0.443,16,0,-0.8013931513
Malawi,2019,31,53.3,5.5,0.409,26,0,-0.7986450791
Malawi,2020,30,54,5.74,0.463,60,0,-0.8182656169
Malawi,2021,35,54.7,5.74,0.526,44,0,-0.7924909592
Malawi,2022,34,54.5,5.91,0.512,38,0,-0.8532260656
Malawi,2023,34,55.2,5.85,0.484,53,0,-0.8595065475
Malawi,2024,34,,5.85,0.482,50,0,
Malawi,2025,34,,,,40,,
Mali,1990,,,,0.144,,582,
Mali,1991,,,,0.154,,247,
Mali,1992,,,,0.343,,86,
Mali,1993,,,,0.422,,0,
Mali,1994,,,,0.422,,387,
Mali,1995,,,,0.423,,2,
Mali,1996,,,,0.423,,0,-0.9984454513
Mali,1997,,,,0.395,0,22,
Mali,1998,,,,0.374,11,0,-1.173520446
Mali,1999,,,,0.374,120,59,
Mali,2000,,,,0.376,8,0,-1.056840181
Mali,2001,,,,0.376,15,0,
Mali,2002,,,,0.405,5,5,-0.6983731389
Mali,2003,3,,,0.421,26,0,-0.724401772
Mali,2004,3.2,,,0.421,0,20,-0.7928745151
Mali,2005,2.9,,,0.421,15,12,-0.7196990252
Mali,2006,2.8,,5.99,0.421,4,0,-0.7601361871
Mali,2007,2.7,,,0.412,18,39,-0.7604228258
Mali,2008,3.1,,5.87,0.408,157,113,-0.7850174904
Mali,2009,2.8,,,0.408,73,126,-0.7974936366
Mali,2010,2.7,,6.01,0.405,46,28,-0.8474484682
Mali,2011,2.8,,6.36,0.405,55,22,-0.7964986563
Mali,2012,34,,5.12,0.233,520,355,-0.9830552936
Mali,2013,28,,5.9,0.195,905,877,-0.8997866511
Mali,2014,32,47.8,5.79,0.326,381,288,-1.085515618
Mali,2015,35,47.9,5.7,0.35,434,254,-0.9603625536
Mali,2016,32,47.5,5.7,0.35,317,175,-1.027623773
Mali,2017,31,46.6,5.64,0.326,945,570,-0.9642682672
Mali,2018,32,45.4,5.41,0.305,1734,783,-1.026130795
Mali,2019,29,45.2,4.92,0.318,1873,772,-1.099182963
Mali,2020,30,43.5,3.93,0.268,2838,1293,-1.186405301
Mali,2021,29,43.5,3.48,0.157,1907,1119,-1.251463652
Mali,2022,28,43.6,3.23,0.149,4847,2470,-1.148953199
Mali,2023,28,43.2,2.58,0.149,4326,1817,-1.138598084
Mali,2024,27,,2.4,0.147,4023,1627,
Mali,2025,28,,,,3943,,
Mauritania,1990,,,,0.044,,29,
Mauritania,1991,,,,0.049,,0,
Mauritania,1992,,,,0.105,,0,
Mauritania,1993,,,,0.12,,0,
Mauritania,1994,,,,0.122,,0,
Mauritania,1995,,,,0.123,,0,
Mauritania,1996,,,,0.135,,0,-0.1241926998
Mauritania,1997,,,,0.132,3,0,
Mauritania,1998,,,,0.133,0,0,-0.09906432033
Mauritania,1999,,,,0.133,0,0,
Mauritania,2000,,,,0.137,1,0,-0.1428416073
Mauritania,2001,,,,0.139,0,0,
Mauritania,2002,,,,0.14,0,0,-0.2316155136
Mauritania,2003,,,,0.14,26,0,-0.1955781132
Mauritania,2004,,,,0.144,0,0,-0.5912001133
Mauritania,2005,,,,0.119,26,0,-0.3217552602
Mauritania,2006,3.1,,3.12,0.12,0,0,-0.9006136656
Mauritania,2007,2.6,,,0.235,8,0,-0.9247031212
Mauritania,2008,2.8,,3.91,0.205,14,12,-1.00329864
Mauritania,2009,2.5,,,0.189,2,0,-0.9256853461
Mauritania,2010,2.3,,3.86,0.224,26,1,-0.9854214787
Mauritania,2011,2.4,,4.17,0.225,16,13,-0.9614298344
Mauritania,2012,31,,4.17,0.226,3,1,-0.9143698215
Mauritania,2013,30,,4.17,0.175,0,0,-0.9943367243
Mauritania,2014,30,38.4,4.17,0.176,1,0,-0.9919449091
Mauritania,2015,31,39.1,3.96,0.18,1,0,-1.067931294
Mauritania,2016,27,39.9,3.96,0.18,0,0,-0.8543487787
Mauritania,2017,28,40.2,3.82,0.158,2,0,-0.8032414317
Mauritania,2018,27,40.3,3.82,0.169,3,0,-0.8254539967
Mauritania,2019,28,41.8,3.92,0.186,3,1,-0.6095288992
Mauritania,2020,29,41.6,3.92,0.207,4,0,-0.8391778469
Mauritania,2021,28,41.2,4.03,0.195,0,0,-0.7761393189
Mauritania,2022,30,42,4.03,0.192,6,0,-0.7250756621
Mauritania,2023,30,42.5,4.14,0.181,8,6,-0.7635986209
Mauritania,2024,30,,3.96,0.135,7,3,
Mauritania,2025,30,,,,0,,
Mauritius,1990,,,,0.605,,0,
Mauritius,1991,,,,0.605,,0,
Mauritius,1992,,,,0.611,,0,
Mauritius,1993,,,,0.621,,0,
Mauritius,1994,,,,0.621,,0,
Mauritius,1995,,,,0.621,,0,
Mauritius,1996,,,,0.622,,0,0.2023245841
Mauritius,1997,,,,0.622,0,0,
Mauritius,1998,5,,,0.622,0,0,0.3239173889
Mauritius,1999,4.9,,,0.621,0,0,
Mauritius,2000,4.7,,,0.642,0,0,0.4305072427
Mauritius,2001,4.5,,,0.639,0,0,
Mauritius,2002,4.5,,,0.641,0,0,0.371119827
Mauritius,2003,4.4,,,0.641,0,0,0.7416259646
Mauritius,2004,4.1,,,0.641,0,0,0.6930273175
Mauritius,2005,4.2,,,0.639,0,0,0.6172501445
Mauritius,2006,5.1,,8.04,0.643,0,0,0.7029012442
Mauritius,2007,4.7,,,0.643,0,0,0.750295639
Mauritius,2008,5.5,,8.04,0.641,0,0,0.8250899911
Mauritius,2009,5.4,,,0.641,0,0,0.7999016643
Mauritius,2010,5.4,,8.04,0.655,0,0,0.9055237174
Mauritius,2011,5.1,,8.04,0.655,0,0,0.8825136423
Mauritius,2012,57,,8.17,0.655,0,0,1.040007114
Mauritius,2013,52,,8.17,0.639,0,0,0.9165667295
Mauritius,2014,54,76.8,8.17,0.619,0,0,1.15004468
Mauritius,2015,53,76.7,8.28,0.626,0,0,1.126578569
Mauritius,2016,54,77,8.28,0.624,0,0,1.019033909
Mauritius,2017,50,76.7,8.22,0.618,0,0,0.9596381187
Mauritius,2018,51,76.6,8.22,0.629,0,0,0.894885838
Mauritius,2019,52,75.5,8.22,0.594,0,0,0.8623570204
Mauritius,2020,53,74.4,8.14,0.451,2,0,0.8532267213
Mauritius,2021,54,73.6,8.08,0.425,2,0,0.8138676882
Mauritius,2022,50,73.2,8.14,0.373,3,0,0.7661725879
Mauritius,2023,51,72.8,8.14,0.353,2,0,0.7101376057
Mauritius,2024,51,,8.23,0.368,2,0,
Mauritius,2025,48,,,,1,,
Morocco,1990,,,,0.17,,0,
Morocco,1991,,,,0.177,,19,
Morocco,1992,,,,0.179,,0,
Morocco,1993,,,,0.185,,0,
Morocco,1994,,,,0.188,,0,
Morocco,1995,,,,0.188,,0,
Morocco,1996,,,,0.196,,0,-0.1044110507
Morocco,1997,,,,0.194,8,0,
Morocco,1998,3.7,,,0.199,10,0,0.02391377836
Morocco,1999,4.1,,,0.199,0,0,
Morocco,2000,4.7,,,0.215,0,0,0.02606559917
Morocco,2001,,,,0.22,0,0,
Morocco,2002,3.7,,,0.221,0,0,-0.1950862557
Morocco,2003,3.3,,,0.222,43,0,-0.2155692577
Morocco,2004,3.2,,,0.222,2,0,-0.2242665291
Morocco,2005,3.2,,,0.228,3,0,-0.4033977687
Morocco,2006,2.8,,3.9,0.227,2,0,-0.2696407437
Morocco,2007,3.5,,,0.228,2,0,-0.342613548
Morocco,2008,3.5,,3.88,0.226,0,0,-0.3565557003
Morocco,2009,3.3,,,0.225,0,0,-0.2833030522
Morocco,2010,3.4,,3.79,0.233,18,0,-0.2305883467
Morocco,2011,3.4,,3.83,0.234,27,0,-0.2662065029
Morocco,2012,37,,4.07,0.236,1,0,-0.1410562694
Morocco,2013,37,,4.07,0.231,4,0,-0.08536165208
Morocco,2014,39,56.7,4,0.231,4,0,-0.1363795251
Morocco,2015,36,57.2,4.66,0.229,4,0,-0.1480658352
Morocco,2016,37,57.8,4.77,0.232,6,0,-0.193648085
Morocco,2017,40,57.5,4.87,0.24,3,0,-0.3052004576
Morocco,2018,43,57.7,4.99,0.242,5,0,-0.349403739
Morocco,2019,41,58.7,5.1,0.239,5,0,-0.2515638769
Morocco,2020,40,60.3,5.04,0.232,4,2,-0.1860656589
Morocco,2021,39,61.9,5.04,0.235,47,6,-0.1700993329
Morocco,2022,38,61.5,5.04,0.246,56,14,-0.08185620606
Morocco,2023,38,62,5.04,0.248,38,5,-0.03591511026
Morocco,2024,37,,4.97,0.247,44,7,
Morocco,2025,39,,,,51,,
Mozambique,1990,,,,0.111,,1577,
Mozambique,1991,,,,0.132,,1414,
Mozambique,1992,,,,0.139,,309,
Mozambique,1993,,,,0.155,,2,
Mozambique,1994,,,,0.193,,2,
Mozambique,1995,,,,0.304,,1,
Mozambique,1996,,,,0.302,,0,-0.14402017
Mozambique,1997,,,,0.298,0,0,
Mozambique,1998,,,,0.297,0,0,-0.4699001312
Mozambique,1999,3.5,,,0.294,0,0,
Mozambique,2000,2.2,,,0.291,2,0,-0.4931745529
Mozambique,2001,,,,0.291,0,0,
Mozambique,2002,,,,0.29,0,0,-0.4355772138
Mozambique,2003,2.7,,,0.291,0,0,-0.5388222933
Mozambique,2004,2.8,,,0.292,3,1,-0.5919628739
Mozambique,2005,2.8,,,0.311,0,13,-0.5437855124
Mozambique,2006,1.9,,5.28,0.308,2,0,-0.6739490628
Mozambique,2007,2.8,,,0.31,0,0,-0.5482516289
Mozambique,2008,2.6,,5.49,0.307,2,0,-0.5572044253
Mozambique,2009,2.5,,,0.303,0,0,-0.6003103852
Mozambique,2010,2.7,,4.9,0.295,10,7,-0.6164082885
Mozambique,2011,2.7,,4.9,0.295,4,0,-0.6500639319
Mozambique,2012,31,,4.88,0.295,13,2,-0.6532310843
Mozambique,2013,30,,4.77,0.298,144,45,-0.6359458566
Mozambique,2014,31,49.6,4.66,0.3,56,30,-0.7449667454
Mozambique,2015,31,49.7,4.6,0.296,46,0,-0.8287038207
Mozambique,2016,27,49.8,4.02,0.285,104,63,-0.9462124705
Mozambique,2017,25,49.9,4.02,0.269,127,1,-0.9569663405
Mozambique,2018,23,50.8,3.85,0.261,211,52,-0.9608696103
Mozambique,2019,26,50.5,3.65,0.249,680,292,-0.9091607332
Mozambique,2020,25,50.3,3.51,0.229,1772,1049,-0.8101744652
Mozambique,2021,26,50.3,3.51,0.236,1830,937,-0.8027742505
Mozambique,2022,26,49.2,3.51,0.235,922,410,-0.7370486856
Mozambique,2023,25,49,3.51,0.219,296,217,-0.7166289091
Mozambique,2024,25,,3.38,0.171,548,426,
Mozambique,2025,21,,,,663,,
Namibia,1990,,,,0.402,,0,
Namibia,1991,,,,0.49,,0,
Namibia,1992,,,,0.49,,0,
Namibia,1993,,,,0.49,,0,
Namibia,1994,,,,0.489,,0,
Namibia,1995,,,,0.552,,0,
Namibia,1996,,,,0.552,,0,0.4316575527
Namibia,1997,,,,0.552,0,0,
Namibia,1998,5.3,,,0.552,0,0,0.2951570153
Namibia,1999,5.3,,,0.549,71,1,
Namibia,2000,5.4,,,0.538,153,54,0.2889996767
Namibia,2001,5.4,,,0.535,13,0,
Namibia,2002,5.7,,,0.531,8,0,0.1743366867
Namibia,2003,4.7,,,0.531,4,0,0.2507898808
Namibia,2004,4.1,,,0.536,0,0,0.1348625422
Namibia,2005,4.3,,,0.546,0,0,0.07272276282
Namibia,2006,2.5,,6.54,0.544,0,0,0.1602325737
Namibia,2007,4.5,,,0.541,0,0,0.1950680017
Namibia,2008,4.5,,6.48,0.544,0,0,0.3365451992
Namibia,2009,4.5,,,0.538,0,0,0.2093327045
Namibia,2010,4.4,,6.23,0.524,0,0,0.1552548856
Namibia,2011,4.4,,6.24,0.533,1,0,0.134519279
Namibia,2012,48,,6.24,0.533,1,0,0.2395159453
Namibia,2013,48,,6.24,0.535,3,0,0.2714750171
Namibia,2014,49,67.2,6.24,0.544,5,0,0.2231194079
Namibia,2015,53,67.1,6.31,0.58,4,0,0.2955133319
Namibia,2016,52,66.2,6.31,0.587,0,0,0.193662867
Namibia,2017,51,65.2,6.31,0.575,2,0,0.224054873
Namibia,2018,53,65.2,6.25,0.564,1,0,0.1137649566
Namibia,2019,52,64.2,6.43,0.513,2,0,0.1001818553
Namibia,2020,51,63.6,6.52,0.516,0,0,0.05236203969
Namibia,2021,49,63.3,6.52,0.508,2,0,0.03910071775
Namibia,2022,49,63.6,6.52,0.502,3,0,0.06928324699
Namibia,2023,49,63.9,6.52,0.503,4,0,0.03089665622
Namibia,2024,49,,6.48,0.515,6,0,
Namibia,2025,46,,,,1,,
Niger,1990,,,,0.217,,200,
Niger,1991,,,,0.259,,40,
Niger,1992,,,,0.237,,29,
Niger,1993,,,,0.407,,6,
Niger,1994,,,,0.414,,50,
Niger,1995,,,,0.41,,67,
Niger,1996,,,,0.183,,14,-1.169292927
Niger,1997,,,,0.229,121,81,
Niger,1998,,,,0.229,169,147,-1.104274154
Niger,1999,,,,0.172,10,0,
Niger,2000,,,,0.403,0,0,-1.150753498
Niger,2001,,,,0.402,3,0,
Niger,2002,,,,0.402,76,0,-0.8234120011
Niger,2003,,,,0.402,0,0,-0.6513271928
Niger,2004,2.2,,,0.405,12,4,-0.7651976347
Niger,2005,2.4,,,0.422,1,0,-0.7856689692
Niger,2006,2.2,,3.54,0.427,0,0,-0.8252507448
Niger,2007,2.6,,,0.43,90,98,-0.8001466393
Niger,2008,2.8,,3.41,0.422,94,68,-0.7347652912
Niger,2009,2.9,,,0.275,14,0,-0.7050058246
Niger,2010,2.6,,3.38,0.185,21,0,-0.7037813663
Niger,2011,2.5,,4.16,0.388,23,0,-0.6528893113
Niger,2012,33,,4.16,0.481,15,1,-0.6954076886
Niger,2013,34,,4.08,0.494,33,31,-0.7323465943
Niger,2014,35,50.4,4.02,0.492,38,5,-0.7134789824
Niger,2015,34,50,3.85,0.487,978,374,-0.72263062
Niger,2016,35,48.6,3.96,0.453,367,274,-0.6941233873
Niger,2017,33,48.2,3.76,0.424,239,234,-0.7546793818
Niger,2018,34,47.6,3.76,0.403,506,105,-0.8277074099
Niger,2019,32,48.5,3.29,0.396,729,305,-0.8402662277
Niger,2020,32,48.5,3.29,0.404,1123,673,-0.6608786583
Niger,2021,31,48.7,3.22,0.398,1493,564,-0.6439774036
Niger,2022,32,49,3.73,0.386,1016,568,-0.6275982261
Niger,2023,32,47.9,2.37,0.285,1156,358,-0.6409159303
Niger,2024,34,,2.26,0.18,1863,993,
Niger,2025,31,,,,1935,,
Nigeria,1990,,,,0.099,,89,
Nigeria,1991,,,,0.099,,380,
Nigeria,1992,,,,0.108,,943,
Nigeria,1993,,,,0.147,,1185,
Nigeria,1994,,,,0.095,,90,
Nigeria,1995,,,,0.094,,1,
Nigeria,1996,0.69,,,0.094,,87,-0.923635602
Nigeria,1997,1.76,,,0.096,448,595,
Nigeria,1998,1.9,,,0.106,1205,357,-1.119764566
Nigeria,1999,1.6,,,0.245,1763,3519,
Nigeria,2000,1.2,,,0.325,3287,2073,-0.9706919193
Nigeria,2001,1,,,0.325,2141,2418,
Nigeria,2002,1.6,,,0.325,1135,629,-1.019714952
Nigeria,2003,1.4,,,0.301,931,396,-0.9161320329
Nigeria,2004,1.6,,,0.292,2394,2136,-0.9356205463
Nigeria,2005,1.9,,,0.292,102,233,-0.8972123265
Nigeria,2006,,,3.52,0.292,100,231,-0.9674814939
Nigeria,2007,2.2,,,0.295,302,157,-1.032064915
Nigeria,2008,2.7,,3.53,0.301,842,432,-0.9874975085
Nigeria,2009,2.5,,,0.301,2183,532,-1.200475574
Nigeria,2010,2.4,,3.47,0.314,1901,888,-1.165222526
Nigeria,2011,2.4,,3.83,0.348,2414,1749,-1.102234602
Nigeria,2012,27,,3.77,0.355,2951,1567,-1.000975132
Nigeria,2013,25,,3.77,0.379,4653,2553,-0.9982867241
Nigeria,2014,27,47.1,3.76,0.386,11296,5283,-1.189843416
Nigeria,2015,26,48.3,4.62,0.401,11075,5507,-0.9965568185
Nigeria,2016,28,48.7,4.5,0.399,4826,3386,-1.1203655
Nigeria,2017,27,47.9,4.44,0.387,4912,2857,-1.041203976
Nigeria,2018,27,48.4,4.44,0.388,6087,2761,-1.118203521
Nigeria,2019,26,47.6,4.12,0.364,5925,2092,-1.213150382
Nigeria,2020,25,47.2,4.1,0.346,8420,2637,-1.143787026
Nigeria,2021,24,45.7,4.11,0.329,10943,2981,-1.026957631
Nigeria,2022,24,45.6,4.23,0.318,10929,2601,-1.0415169
Nigeria,2023,25,45.7,4.23,0.314,8688,3592,-0.8479067087
Nigeria,2024,26,,4.16,0.315,9876,2783,
Nigeria,2025,26,,,,12883,,
Rwanda,1990,,,,0.158,,2595,
Rwanda,1991,,,,0.18,,1085,
Rwanda,1992,,,,0.194,,598,
Rwanda,1993,,,,0.128,,730,
Rwanda,1994,,,,0.111,,761520,
Rwanda,1995,,,,0.116,,4205,
Rwanda,1996,,,,0.117,,614,-1.149679661
Rwanda,1997,,,,0.12,2942,6451,
Rwanda,1998,,,,0.122,2948,1102,-1.100677967
Rwanda,1999,,,,0.124,81,0,
Rwanda,2000,,,,0.103,181,0,-1.15839386
Rwanda,2001,,,,0.102,952,2044,
Rwanda,2002,,,,0.103,1,0,-1.212695479
Rwanda,2003,,,,0.11,3,0,-1.037759304
Rwanda,2004,,,,0.123,26,16,-0.7032265663
Rwanda,2005,3.1,,,0.122,4,0,-0.9037458301
Rwanda,2006,2.5,,3.82,0.123,16,0,-0.3790765405
Rwanda,2007,2.8,,,0.123,19,0,-0.2457467765
Rwanda,2008,3,,3.71,0.124,9,0,-0.2222099602
Rwanda,2009,3.3,,,0.128,8,2,-0.2802576721
Rwanda,2010,4,,3.25,0.13,21,0,-0.15843907
Rwanda,2011,5,,3.25,0.13,3,0,-0.02104699239
Rwanda,2012,53,,3.36,0.132,34,13,-0.1016520634
Rwanda,2013,53,,3.38,0.134,8,1,-0.02711396292
Rwanda,2014,49,57.9,3.25,0.136,4,0,-0.05273844302
Rwanda,2015,54,58.3,3.07,0.136,4,0,-0.1466984898
Rwanda,2016,54,58.8,3.07,0.126,8,27,0.01334276889
Rwanda,2017,55,58.9,3.19,0.114,4,10,0.1785217971
Rwanda,2018,56,59.2,3.35,0.116,38,9,0.07955555618
Rwanda,2019,53,58.9,3.16,0.118,85,19,0.09286253899
Rwanda,2020,54,59.1,3.1,0.116,63,0,0.2737752795
Rwanda,2021,53,59.1,3.1,0.11,31,7,0.2272844315
Rwanda,2022,51,59.4,3.1,0.107,16,6,0.2320740521
Rwanda,2023,53,58.7,3.3,0.098,8,0,0.3883626461
Rwanda,2024,57,,3.34,0.09,11,1,
Rwanda,2025,58,,,,19,,
Sao Tome and Principe,1990,,,,0.197,,0,
Sao Tome and Principe,1991,,,,0.408,,0,
Sao Tome and Principe,1992,,,,0.506,,0,
Sao Tome and Principe,1993,,,,0.512,,0,
Sao Tome and Principe,1994,,,,0.512,,0,
Sao Tome and Principe,1995,,,,0.512,,0,
Sao Tome and Principe,1996,,,,0.51,,0,-0.3805644512
Sao Tome and Principe,1997,,,,0.508,0,0,
Sao Tome and Principe,1998,,,,0.509,0,0,-0.3494677246
Sao Tome and Principe,1999,,,,0.513,0,0,
Sao Tome and Principe,2000,,,,0.505,0,0,-0.3967296779
Sao Tome and Principe,2001,,,,0.512,0,0,
Sao Tome and Principe,2002,,,,0.52,0,0,-0.4981719553
Sao Tome and Principe,2003,,,,0.527,0,0,-0.4530140162
Sao Tome and Principe,2004,,,,0.536,0,0,-0.7105237246
Sao Tome and Principe,2005,,,,0.542,0,0,-0.7180277109
Sao Tome and Principe,2006,,,,0.539,0,0,-0.8371063471
Sao Tome and Principe,2007,2.7,,,0.537,0,0,-0.7533819079
Sao Tome and Principe,2008,2.7,,,0.537,0,0,-0.7361898422
Sao Tome and Principe,2009,2.8,,,0.537,0,0,-0.760530889
Sao Tome and Principe,2010,3,,,0.557,0,0,-0.861178875
Sao Tome and Principe,2011,3,,,0.565,0,0,-0.7522879839
Sao Tome and Principe,2012,42,,,0.562,0,0,-0.7361096144
Sao Tome and Principe,2013,42,,,0.566,0,0,-0.7646816969
Sao Tome and Principe,2014,42,58.5,,0.569,0,0,-0.8695273399
Sao Tome and Principe,2015,42,58.1,,0.576,0,0,-0.8504139781
Sao Tome and Principe,2016,46,59,,0.569,0,0,-0.7774753571
Sao Tome and Principe,2017,46,59.6,,0.554,0,0,-0.8461056948
Sao Tome and Principe,2018,46,59.7,,0.542,0,0,-0.7840676904
Sao Tome and Principe,2019,46,60.1,,0.576,0,0,-0.7544014454
Sao Tome and Principe,2020,47,60.1,,0.581,0,0,-0.7140033245
Sao Tome and Principe,2021,45,59.4,,0.575,1,0,-0.7612271905
Sao Tome and Principe,2022,45,59.1,,0.565,5,0,-0.8350989819
Sao Tome and Principe,2023,45,59.2,,0.565,0,0,-0.9024352431
Sao Tome and Principe,2024,45,,,0.565,0,0,
Sao Tome and Principe,2025,45,,,,0,,
Senegal,1990,,,,0.385,,65,
Senegal,1991,,,,0.393,,0,
Senegal,1992,,,,0.403,,84,
Senegal,1993,,,,0.452,,236,
Senegal,1994,,,,0.465,,0,
Senegal,1995,,,,0.472,,305,
Senegal,1996,,,,0.473,,3,0.07624251395
Senegal,1997,,,,0.475,463,327,
Senegal,1998,3.3,,,0.477,220,287,-0.1481214464
Senegal,1999,3.4,,,0.479,83,25,
Senegal,2000,3.5,,,0.513,85,50,-0.1659557968
Senegal,2001,2.9,,,0.437,113,33,
Senegal,2002,3.1,,,0.531,43,20,-0.04584420472
Senegal,2003,3.2,,,0.531,9,39,-0.387829572
Senegal,2004,3,,,0.531,0,3,-0.3407028019
Senegal,2005,3.2,,,0.531,2,46,-0.2548830807
Senegal,2006,3.3,,5.37,0.531,206,126,-0.3653330803
Senegal,2007,3.6,,,0.52,8,0,-0.489185214
Senegal,2008,3.4,,5.37,0.516,8,11,-0.2155128866
Senegal,2009,3,,,0.515,18,10,-0.5527145863
Senegal,2010,2.9,,5.27,0.529,22,16,-0.5935832858
Senegal,2011,2.9,,5.51,0.529,45,25,-0.4963398576
Senegal,2012,36,,6.09,0.535,15,23,-0.4736954272
Senegal,2013,41,,6.15,0.58,15,8,-0.4258844554
Senegal,2014,43,60.5,6.15,0.584,10,0,-0.4045906067
Senegal,2015,44,60.8,6.08,0.588,1,0,-0.4833619893
Senegal,2016,45,61.4,6.21,0.579,18,0,-0.5026976466
Senegal,2017,45,61.1,6.15,0.555,1,0,-0.3653192818
Senegal,2018,45,61.1,6.15,0.542,28,1,-0.3294565082
Senegal,2019,45,61,5.81,0.544,4,0,-0.1343135387
Senegal,2020,45,61.2,5.67,0.574,3,0,-0.05984201282
Senegal,2021,43,60.7,5.53,0.564,15,0,0.0246377755
Senegal,2022,43,60.4,5.72,0.539,19,0,0.03978338465
Senegal,2023,43,60.2,5.48,0.466,12,0,0.06967519224
Senegal,2024,45,,5.93,0.462,14,0,
Senegal,2025,46,,,,6,,
Seychelles,1990,,,,0.174,,0,
Seychelles,1991,,,,0.178,,0,
Seychelles,1992,,,,0.211,,0,
Seychelles,1993,,,,0.246,,0,
Seychelles,1994,,,,0.25,,0,
Seychelles,1995,,,,0.254,,0,
Seychelles,1996,,,,0.252,,0,0.6449224949
Seychelles,1997,,,,0.254,0,0,
Seychelles,1998,,,,0.255,0,0,0.6521459222
Seychelles,1999,,,,0.256,0,0,
Seychelles,2000,,,,0.262,0,0,0.6188225746
Seychelles,2001,,,,0.258,0,0,
Seychelles,2002,,,,0.265,0,0,0.5680538416
Seychelles,2003,,,,0.308,0,0,0.5767295361
Seychelles,2004,4.4,,,0.345,0,0,0.4961401224
Seychelles,2005,4,,,0.345,0,0,0.4554172456
Seychelles,2006,3.6,,,0.353,0,0,0.4719412625
Seychelles,2007,4.5,,,0.368,0,0,0.6074175239
Seychelles,2008,4.8,,,0.37,0,0,0.7233602405
Seychelles,2009,4.8,,,0.368,0,0,0.6553550959
Seychelles,2010,4.8,,,0.374,0,0,0.6236382723
Seychelles,2011,4.8,,,0.376,0,0,0.6505975723
Seychelles,2012,52,,,0.371,0,0,0.6678130627
Seychelles,2013,54,,,0.394,0,0,0.5501878262
Seychelles,2014,55,65.3,,0.401,0,0,0.5109520555
Seychelles,2015,55,67.1,,0.425,0,0,0.5545634627
Seychelles,2016,,68.1,,0.493,0,0,0.5212638974
Seychelles,2017,60,68.2,,0.509,0,0,0.4961955547
Seychelles,2018,66,71.8,,0.517,0,0,0.6332271695
Seychelles,2019,66,72.8,,0.527,0,0,0.6224139333
Seychelles,2020,66,74.5,,0.579,0,0,0.678994
Seychelles,2021,70,74.8,,0.632,0,0,0.8998844028
Seychelles,2022,70,75.2,,0.665,0,0,0.661873877
Seychelles,2023,71,75.3,,0.654,0,0,0.6247441769
Seychelles,2024,72,,,0.659,0,0,
Seychelles,2025,68,,,,0,,
Sierra Leone,1990,,,,0.087,,0,
Sierra Leone,1991,,,,0.059,,617,
Sierra Leone,1992,,,,0.048,,231,
Sierra Leone,1993,,,,0.032,,413,
Sierra Leone,1994,,,,0.034,,699,
Sierra Leone,1995,,,,0.034,,1512,
Sierra Leone,1996,,,,0.122,,591,-1.409645319
Sierra Leone,1997,,,,0.097,40,1095,
Sierra Leone,1998,,,,0.073,0,3371,-1.545192122
Sierra Leone,1999,,,,0.081,113,3341,
Sierra Leone,2000,,,,0.087,0,385,-1.608168244
Sierra Leone,2001,,,,0.087,5,50,
Sierra Leone,2002,,,,0.263,2,0,-1.628981471
Sierra Leone,2003,2.2,,,0.359,0,0,-1.330374479
Sierra Leone,2004,2.3,,,0.359,3,0,-1.123936772
Sierra Leone,2005,2.4,,,0.35,0,0,-1.343932033
Sierra Leone,2006,2.2,,3.57,0.345,0,0,-1.100379467
Sierra Leone,2007,2.1,,,0.346,2,0,-1.152436376
Sierra Leone,2008,1.9,,4.11,0.322,7,0,-1.154041409
Sierra Leone,2009,2.2,,,0.324,3,0,-1.193936825
Sierra Leone,2010,2.4,,4.51,0.328,0,0,-1.20814538
Sierra Leone,2011,2.5,,4.51,0.328,2,0,-1.189524293
Sierra Leone,2012,31,,4.71,0.32,3,0,-1.220113039
Sierra Leone,2013,30,,4.64,0.312,6,0,-1.219374061
Sierra Leone,2014,31,46.6,4.56,0.312,2,0,-1.248536348
Sierra Leone,2015,29,47.2,4.55,0.312,2,0,-1.283995032
Sierra Leone,2016,30,49,4.55,0.308,3,0,-1.225478768
Sierra Leone,2017,30,50.4,4.66,0.337,4,0,-1.220137
Sierra Leone,2018,30,52.8,4.66,0.376,10,0,-1.191156149
Sierra Leone,2019,33,51.9,4.86,0.384,11,0,-1.174410105
Sierra Leone,2020,33,52.1,4.86,0.419,9,0,-1.063283443
Sierra Leone,2021,34,52.9,4.97,0.428,2,1,-1.152547002
Sierra Leone,2022,34,53.3,5.03,0.435,9,0,-1.170130849
Sierra Leone,2023,35,53,4.32,0.381,31,0,-1.155583739
Sierra Leone,2024,33,,4.32,0.348,4,0,
Sierra Leone,2025,34,,,,6,,
Somalia,1990,,,,0.039,,2700,
Somalia,1991,,,,0.037,,8455,
Somalia,1992,,,,0.026,,4639,
Somalia,1993,,,,0.027,,483,
Somalia,1994,,,,0.027,,626,
Somalia,1995,,,,0.027,,444,
Somalia,1996,,,,0.027,,949,-1.959855437
Somalia,1997,,,,0.027,49,277,
Somalia,1998,,,,0.027,4,330,-1.91686368
Somalia,1999,,,,0.027,110,505,
Somalia,2000,,,,0.029,33,183,-1.975720167
Somalia,2001,,,,0.028,72,483,
Somalia,2002,,,,0.028,83,638,-1.531707287
Somalia,2003,,,,0.028,764,401,-1.904590011
Somalia,2004,,,,0.059,926,670,-1.843335867
Somalia,2005,2.1,,,0.094,563,340,-2.130955219
Somalia,2006,,,,0.095,1160,1204,-2.073956728
Somalia,2007,1.4,,,0.096,2038,1620,-2.199944973
Somalia,2008,1,,,0.094,2068,1708,-2.296018124
Somalia,2009,1.1,,,0.094,1132,2184,-2.157304764
Somalia,2010,1.1,,,0.102,3655,2707,-2.169927597
Somalia,2011,1,,,0.105,2001,2082,-2.151889801
Somalia,2012,8,,,0.108,3359,2910,-2.192941904
Somalia,2013,8,,,0.119,3168,921,-2.196028709
Somalia,2014,8,18.7,,0.119,4463,1133,-2.440228701
Somalia,2015,8,19.2,,0.122,4135,1216,-2.217408657
Somalia,2016,10,19,,0.11,5933,1992,-2.206344604
Somalia,2017,9,21.3,,0.124,6071,1973,-2.284246683
Somalia,2018,10,21.1,,0.106,5748,2395,-2.211802721
Somalia,2019,9,21.7,,0.103,5026,2126,-2.280950546
Somalia,2020,12,22,,0.105,3474,2036,-2.131613731
Somalia,2021,13,23.9,,0.111,3397,2190,-2.085521936
Somalia,2022,12,24.5,,0.116,6593,3047,-2.02740407
Somalia,2023,11,25.5,,0.133,9150,4178,-1.980202556
Somalia,2024,9,,,0.126,5554,2430,
Somalia,2025,9,,,,9776,,
South Africa,1990,,,,0.14,,1437,
South Africa,1991,,,,0.15,,708,
South Africa,1992,,,,0.15,,722,
South Africa,1993,,,,0.161,,736,
South Africa,1994,,,,0.292,,471,
South Africa,1995,,,,0.521,,143,
South Africa,1996,5.68,,,0.553,,156,1.020495892
South Africa,1997,4.95,,,0.553,95,30,
South Africa,1998,5.2,,,0.554,100,44,0.6247084737
South Africa,1999,5,,,0.59,87,19,
South Africa,2000,5,,,0.628,58,0,0.645909369
South Africa,2001,4.8,,,0.628,17,0,
South Africa,2002,4.8,,,0.628,25,2,0.6078314185
South Africa,2003,4.4,,,0.627,16,0,0.5995800495
South Africa,2004,4.6,,,0.637,34,0,0.5591400862
South Africa,2005,4.5,,,0.647,6,0,0.567057848
South Africa,2006,4.6,,7.91,0.648,17,0,0.3251013756
South Africa,2007,5.1,,,0.651,10,0,0.2834311724
South Africa,2008,4.9,,7.91,0.648,44,0,0.3321785033
South Africa,2009,4.7,,,0.65,35,0,0.3108076751
South Africa,2010,4.5,,7.79,0.662,26,1,0.1917024106
South Africa,2011,4.1,,7.79,0.658,39,0,0.2175596505
South Africa,2012,43,,7.79,0.661,209,0,0.170115307
South Africa,2013,42,,7.9,0.645,101,0,0.3060210347
South Africa,2014,44,67.3,7.82,0.637,130,0,0.165043816
South Africa,2015,44,67.1,7.56,0.649,203,0,0.08732909709
South Africa,2016,45,67.1,7.41,0.646,119,3,0.1014025807
South Africa,2017,43,66.8,7.24,0.627,107,0,0.07079592347
South Africa,2018,43,66.5,7.24,0.639,105,11,0.1036474407
South Africa,2019,44,66.5,7.24,0.617,184,8,0.1279711574
South Africa,2020,44,66.4,7.05,0.606,175,29,0.04653452337
South Africa,2021,44,66.2,7.05,0.607,278,123,-0.07013037056
South Africa,2022,43,66,7.05,0.605,277,4,-0.1090276465
South Africa,2023,41,65.9,7.05,0.6,302,5,-0.2569466829
South Africa,2024,41,,7.16,0.652,282,2,
South Africa,2025,41,,,,160,,
South Sudan,1990,,,,,,0,
South Sudan,1991,,,,,,0,
South Sudan,1992,,,,,,0,
South Sudan,1993,,,,,,0,
South Sudan,1994,,,,,,0,
South Sudan,1995,,,,,,0,
South Sudan,1996,,,,,,0,
South Sudan,1997,,,,,0,0,
South Sudan,1998,,,,,0,0,
South Sudan,1999,,,,,0,0,
South Sudan,2000,,,,,0,0,
South Sudan,2001,,,,,0,0,
South Sudan,2002,,,,,0,0,
South Sudan,2003,,,,,0,0,
South Sudan,2004,,,,,0,0,
South Sudan,2005,,,,,0,0,
South Sudan,2006,,,,,0,0,
South Sudan,2007,,,,,0,0,
South Sudan,2008,,,,,0,0,
South Sudan,2009,,,,,0,0,
South Sudan,2010,,,,,0,0,
South Sudan,2011,,,,0.101,1865,1194,-1.586250663
South Sudan,2012,,,,0.101,4094,862,-1.614964962
South Sudan,2013,14,,,0.074,4321,1722,-1.680366158
South Sudan,2014,15,19.8,,0.067,6254,1909,-2.094630957
South Sudan,2015,15,19.2,,0.066,3448,1133,-2.149580956
South Sudan,2016,11,18.7,,0.053,3675,1262,-2.33689189
South Sudan,2017,12,18.1,,0.059,4714,1247,-2.44022131
South Sudan,2018,13,18.7,,0.051,1716,1201,-2.320563078
South Sudan,2019,12,18.8,,0.064,1783,608,-2.383665085
South Sudan,2020,12,18.4,,0.069,2451,748,-2.316320896
South Sudan,2021,11,19.6,,0.058,3721,891,-2.396697998
South Sudan,2022,13,18.6,,0.063,3680,728,-2.390763521
South Sudan,2023,13,19,,0.072,3023,224,-2.32788825
South Sudan,2024,8,,,0.072,2308,697,
South Sudan,2025,9,,,,3124,,
Sudan,1990,,,,0.012,,5335,
Sudan,1991,,,,0.012,,2565,
Sudan,1992,,,,0.02,,3882,
Sudan,1993,,,,0.018,,5550,
Sudan,1994,,,,0.018,,975,
Sudan,1995,,,,0.018,,1344,
Sudan,1996,,,,0.024,,2708,-0.9873310328
Sudan,1997,,,,0.026,4877,4704,
Sudan,1998,,,,0.026,3503,5895,-1.055107117
Sudan,1999,,,,0.036,1830,2052,
Sudan,2000,,,,0.018,1393,3523,-0.9435670376
Sudan,2001,,,,0.037,2626,3577,
Sudan,2002,,,,0.037,5916,2520,-1.078000426
Sudan,2003,2.3,,,0.037,8056,3888,-1.220700979
Sudan,2004,2.2,,,0.039,10793,8846,-1.156927109
Sudan,2005,2.1,,,0.063,1701,1125,-1.406931877
Sudan,2006,2,,2.9,0.063,1477,1686,-1.164118409
Sudan,2007,1.8,,,0.064,2067,1094,-1.132226348
Sudan,2008,1.6,,2.81,0.064,2064,1096,-1.282074451
Sudan,2009,1.5,,,0.063,1003,2500,-1.279569626
Sudan,2010,1.6,,2.42,0.067,1527,1722,-1.378687859
Sudan,2011,1.6,,2.38,0.059,2592,2542,-1.415969491
Sudan,2012,13,,2.38,0.061,2269,1525,-1.432616591
Sudan,2013,11,,2.54,0.063,6676,1959,-1.487173557
Sudan,2014,11,30,2.54,0.062,4164,1912,-1.558515906
Sudan,2015,12,30.3,2.37,0.065,3495,2558,-1.511249542
Sudan,2016,14,30.7,2.37,0.066,3889,1996,-1.559747577
Sudan,2017,16,31.6,2.15,0.075,1291,547,-1.475766897
Sudan,2018,16,31.3,2.15,0.068,1033,432,-1.629033446
Sudan,2019,16,32.4,2.7,0.074,742,434,-1.658530354
Sudan,2020,16,33.9,2.54,0.06,948,625,-1.538864851
Sudan,2021,20,33.2,2.47,0.057,1634,855,-1.662199378
Sudan,2022,22,31.9,2.47,0.056,2129,1407,-1.686377645
Sudan,2023,20,29.6,1.76,0.046,17031,6053,-1.977062106
Sudan,2024,15,,1.46,0.038,16906,5252,
Sudan,2025,14,,,,18796,,
Tanzania,1990,,,,0.272,,0,
Tanzania,1991,,,,0.281,,0,
Tanzania,1992,,,,0.333,,1,
Tanzania,1993,,,,0.337,,0,
Tanzania,1994,,,,0.346,,0,
Tanzania,1995,,,,0.396,,0,
Tanzania,1996,,,,0.406,,10,-0.6878501177
Tanzania,1997,,,,0.406,26,3,
Tanzania,1998,1.9,,,0.406,20,0,-0.5549862981
Tanzania,1999,1.9,,,0.406,13,0,
Tanzania,2000,2.5,,,0.399,58,0,-0.5566266179
Tanzania,2001,2.2,,,0.376,139,37,
Tanzania,2002,2.7,,,0.376,180,0,-0.487236917
Tanzania,2003,2.5,,,0.376,3,0,-0.4991470575
Tanzania,2004,2.8,,,0.376,17,0,-0.6103860736
Tanzania,2005,2.9,,,0.369,17,0,-0.4383668303
Tanzania,2006,2.9,,5.18,0.394,10,0,-0.451205492
Tanzania,2007,3.2,,,0.395,8,0,-0.4242968559
Tanzania,2008,3,,5.28,0.395,7,0,-0.5301991701
Tanzania,2009,2.6,,,0.395,9,0,-0.6278373599
Tanzania,2010,2.7,,5.64,0.399,21,0,-0.6208833456
Tanzania,2011,3,,5.64,0.407,36,0,-0.6605713367
Tanzania,2012,35,,5.88,0.407,56,1,-0.7015606761
Tanzania,2013,33,,5.77,0.399,37,0,-0.7129789591
Tanzania,2014,31,55.2,5.77,0.397,36,10,-0.6577589512
Tanzania,2015,30,56.3,5.58,0.392,34,0,-0.6534415483
Tanzania,2016,32,56.5,5.76,0.353,46,0,-0.606901288
Tanzania,2017,36,56.5,5.47,0.346,280,1,-0.6821879148
Tanzania,2018,36,56.4,5.41,0.332,41,1,-0.7794764638
Tanzania,2019,37,57.3,5.16,0.33,43,2,-0.8543867469
Tanzania,2020,38,57.7,5.1,0.336,51,44,-0.7392724156
Tanzania,2021,39,58.4,5.1,0.328,44,14,-0.6483410597
Tanzania,2022,38,57.9,5.1,0.346,38,4,-0.4603658319
Tanzania,2023,40,58.2,5.35,0.366,23,0,-0.4550809264
Tanzania,2024,41,,5.2,0.368,39,6,
Tanzania,2025,40,,,,115,,
Togo,1990,,,,0.065,,0,
Togo,1991,,,,0.126,,63,
Togo,1992,,,,0.152,,5,
Togo,1993,,,,0.162,,48,
Togo,1994,,,,0.169,,0,
Togo,1995,,,,0.17,,0,
Togo,1996,,,,0.173,,0,-0.688587904
Togo,1997,,,,0.173,4,0,
Togo,1998,,,,0.165,3,9,-0.9876846671
Togo,1999,,,,0.161,4,0,
Togo,2000,,,,0.173,0,0,-1.056840181
Togo,2001,,,,0.173,0,0,
Togo,2002,,,,0.173,0,0,-1.198941946
Togo,2003,,,,0.174,0,0,-1.292041659
Togo,2004,,,,0.174,0,0,-1.388018489
Togo,2005,,,,0.152,83,436,-1.456241369
Togo,2006,2.4,,1.75,0.182,0,0,-1.493910789
Togo,2007,2.3,,,0.197,0,0,-1.524611354
Togo,2008,2.7,,2.43,0.235,1,0,-1.481546879
Togo,2009,2.8,,,0.236,2,0,-1.356592536
Togo,2010,2.4,,3.45,0.237,0,0,-1.383998156
Togo,2011,2.4,,3.45,0.24,1,0,-1.372125387
Togo,2012,30,,3.45,0.24,0,0,-1.29685843
Togo,2013,29,,3.45,0.244,8,0,-1.28965044
Togo,2014,29,49.6,3.45,0.258,0,0,-1.266833425
Togo,2015,32,50.3,3.41,0.261,2,0,-1.226308465
Togo,2016,32,50.4,3.32,0.268,5,0,-1.118616343
Togo,2017,32,50,3.05,0.244,41,0,-1.165704846
Togo,2018,30,50.5,3.1,0.222,2,0,-1.093883753
Togo,2019,29,51.7,3.3,0.2,9,1,-0.9726738334
Togo,2020,29,53.3,2.8,0.243,12,0,-0.7301568389
Togo,2021,30,53.7,2.8,0.224,4,0,-0.6862722635
Togo,2022,30,53.9,2.99,0.225,78,34,-0.6456233859
Togo,2023,31,53.8,2.99,0.201,98,29,-0.5780520439
Togo,2024,32,,2.99,0.173,153,46,
Togo,2025,32,,,,21,,
Tunisia,1990,,,,0.097,,0,
Tunisia,1991,,,,0.097,,0,
Tunisia,1992,,,,0.098,,0,
Tunisia,1993,,,,0.096,,0,
Tunisia,1994,,,,0.095,,0,
Tunisia,1995,,,,0.095,,0,
Tunisia,1996,,,,0.095,,0,0.3757234216
Tunisia,1997,,,,0.095,0,0,
Tunisia,1998,5,,,0.095,0,0,0.4166567922
Tunisia,1999,5,,,0.095,0,0,
Tunisia,2000,5.2,,,0.095,0,0,0.4167363942
Tunisia,2001,5.3,,,0.095,0,0,
Tunisia,2002,4.8,,,0.095,22,0,0.5224987268
Tunisia,2003,4.9,,,0.095,0,0,0.4704190791
Tunisia,2004,5,,,0.095,0,0,0.4175570607
Tunisia,2005,4.9,,,0.095,0,0,0.3397250772
Tunisia,2006,4.6,,3.06,0.096,2,0,0.6792402864
Tunisia,2007,4.2,,,0.096,14,0,0.4775560796
Tunisia,2008,4.4,,2.96,0.096,2,0,0.3062981665
Tunisia,2009,4.2,,,0.096,0,0,0.3662357032
Tunisia,2010,4.3,,2.79,0.107,2,0,0.1580162942
Tunisia,2011,3.8,,5.53,0.248,125,8,-0.001495731762
Tunisia,2012,41,,5.67,0.647,8,3,-0.05220288783
Tunisia,2013,41,,5.76,0.637,73,29,-0.05874260142
Tunisia,2014,40,65.9,6.31,0.637,103,51,-0.06632117182
Tunisia,2015,38,65.5,6.72,0.626,161,77,-0.1021879464
Tunisia,2016,41,65,6.4,0.623,119,88,-0.2064986974
Tunisia,2017,42,64.9,6.32,0.632,26,15,-0.05073512718
Tunisia,2018,43,65.9,6.41,0.631,33,24,-0.006535382476
Tunisia,2019,43,66.8,6.72,0.629,30,20,-0.03537356108
Tunisia,2020,44,67.6,6.59,0.618,15,12,-0.1864251047
Tunisia,2021,44,65.5,5.99,0.461,19,18,-0.2071071267
Tunisia,2022,40,62.2,5.51,0.195,1,3,-0.2627526224
Tunisia,2023,40,61.2,5.51,0.291,9,3,-0.3005150855
Tunisia,2024,39,,4.71,0.258,3,0,
Tunisia,2025,39,,,,3,,
Uganda,1990,,,,0.164,,706,
Uganda,1991,,,,0.192,,916,
Uganda,1992,,,,0.196,,76,
Uganda,1993,,,,0.199,,0,
Uganda,1994,,,,0.211,,150,
Uganda,1995,,,,0.232,,265,
Uganda,1996,2.71,,,0.245,,1208,-0.6878501177
Uganda,1997,,,,0.243,932,780,
Uganda,1998,2.6,,,0.243,1161,912,-0.4903289974
Uganda,1999,2.2,,,0.244,1287,740,
Uganda,2000,2.3,,,0.247,1242,1065,-0.4923419058
Uganda,2001,1.9,,,0.235,129,151,
Uganda,2002,2.1,,,0.227,1858,742,-0.4812362492
Uganda,2003,2.2,,,0.225,2839,993,-0.4527299702
Uganda,2004,2.6,,,0.229,1415,1257,-0.4715586603
Uganda,2005,2.5,,,0.25,1077,705,-0.5720796585
Uganda,2006,2.7,,5.14,0.262,723,286,-0.5811179876
Uganda,2007,2.8,,,0.266,292,144,-0.45182091
Uganda,2008,2.6,,5.03,0.263,173,32,-0.6202346087
Uganda,2009,2.5,,,0.26,131,59,-0.6707993746
Uganda,2010,2.5,,5.05,0.26,283,0,-0.572281301
Uganda,2011,2.4,,5.13,0.257,22,0,-0.5594570041
Uganda,2012,29,,5.16,0.254,16,0,-0.5962153673
Uganda,2013,26,,5.22,0.252,34,0,-0.6117457747
Uganda,2014,26,50.9,5.22,0.251,194,7,-0.5403721333
Uganda,2015,25,51.3,5.22,0.246,28,0,-0.5755446553
Uganda,2016,25,50.6,5.26,0.23,272,30,-0.6323101521
Uganda,2017,26,50.6,5.09,0.223,66,0,-0.632979095
Uganda,2018,26,50.8,5.2,0.221,141,2,-0.6922962666
Uganda,2019,28,50.4,5.02,0.221,160,2,-0.6486607194
Uganda,2020,27,49.6,4.94,0.23,239,0,-0.6164960861
Uganda,2021,27,48.9,4.48,0.212,495,23,-0.6006723642
Uganda,2022,26,49,4.55,0.215,361,25,-0.6050686836
Uganda,2023,26,49.1,4.49,0.215,363,22,-0.5495085716
Uganda,2024,26,,4.49,0.201,243,1,
Uganda,2025,25,,,,198,,
Zambia,1990,,,,0.161,,0,
Zambia,1991,,,,0.247,,0,
Zambia,1992,,,,0.346,,0,
Zambia,1993,,,,0.357,,1,
Zambia,1994,,,,0.381,,0,
Zambia,1995,,,,0.381,,0,
Zambia,1996,,,,0.387,,0,-1.12837553
Zambia,1997,,,,0.381,1,0,
Zambia,1998,3.5,,,0.381,1,0,-1.069229007
Zambia,1999,3.5,,,0.381,4,0,
Zambia,2000,3.4,,,0.383,3,0,-1.078764439
Zambia,2001,2.6,,,0.393,1,7,
Zambia,2002,2.6,,,0.402,0,0,-0.9249030352
Zambia,2003,2.5,,,0.402,10,0,-1.008481383
Zambia,2004,2.6,,,0.402,6,0,-0.931252718
Zambia,2005,2.6,,,0.419,0,0,-0.9368834496
Zambia,2006,2.6,,5.25,0.419,24,0,-0.8775988817
Zambia,2007,2.6,,,0.422,51,0,-0.7468336821
Zambia,2008,2.8,,5.25,0.422,11,0,-0.7613866329
Zambia,2009,3,,,0.422,16,0,-0.8189578652
Zambia,2010,3,,5.68,0.425,0,0,-0.8620702624
Zambia,2011,3.2,,6.19,0.42,12,0,-0.6825685501
Zambia,2012,37,,6.26,0.419,12,0,-0.5094673634
Zambia,2013,38,,6.26,0.389,13,0,-0.5200999379
Zambia,2014,38,53.1,6.39,0.384,7,0,-0.5340052247
Zambia,2015,38,54,6.28,0.368,8,0,-0.643124342
Zambia,2016,38,53.2,5.99,0.33,4,0,-0.7375012636
Zambia,2017,37,53.3,5.68,0.293,2,0,-0.7003452182
Zambia,2018,35,52.5,5.61,0.294,14,0,-0.6535177231
Zambia,2019,34,51.5,5.09,0.305,11,0,-0.7417894006
Zambia,2020,33,50.6,4.86,0.293,39,0,-0.8246824145
Zambia,2021,33,51.7,5.72,0.339,16,0,-0.8409830332
Zambia,2022,33,56,5.8,0.439,12,0,-0.6380170584
Zambia,2023,37,56.6,5.8,0.432,15,0,-0.658970058
Zambia,2024,39,,5.73,0.392,10,0,
Zambia,2025,37,,,,17,,
Zimbabwe,1990,,,,0.218,,0,
Zimbabwe,1991,,,,0.221,,0,
Zimbabwe,1992,,,,0.221,,0,
Zimbabwe,1993,,,,0.221,,0,
Zimbabwe,1994,,,,0.221,,0,
Zimbabwe,1995,,,,0.219,,0,
Zimbabwe,1996,,,,0.221,,0,-0.3187705576
Zimbabwe,1997,,,,0.223,0,0,
Zimbabwe,1998,4.2,,,0.221,4,0,-0.4248508513
Zimbabwe,1999,4.1,,,0.221,6,0,
Zimbabwe,2000,3,,,0.185,44,0,-0.7572425008
Zimbabwe,2001,2.9,,,0.163,37,0,
Zimbabwe,2002,2.7,,,0.166,54,0,-0.8399230838
Zimbabwe,2003,2.3,,,0.156,6,0,-0.9354358315
Zimbabwe,2004,2.3,,,0.151,2,0,-1.007125735
Zimbabwe,2005,2.6,,,0.151,8,0,-1.35831821
Zimbabwe,2006,2.4,,2.62,0.15,1,0,-1.260540128
Zimbabwe,2007,2.1,,,0.15,13,0,-1.298620462
Zimbabwe,2008,1.8,,2.53,0.147,126,0,-1.546322942
Zimbabwe,2009,2.2,,,0.177,30,0,-1.553164363
Zimbabwe,2010,2.4,,2.64,0.197,9,0,-1.53839469
Zimbabwe,2011,2.2,,2.68,0.197,11,0,-1.420855761
Zimbabwe,2012,20,,2.67,0.196,14,0,-1.373752475
Zimbabwe,2013,21,,2.67,0.206,8,0,-1.30847013
Zimbabwe,2014,21,45.5,2.78,0.209,7,0,-1.281353831
Zimbabwe,2015,21,46.4,3.05,0.208,14,0,-1.249573112
Zimbabwe,2016,22,46.8,3.05,0.201,7,0,-1.258878112
Zimbabwe,2017,22,46.7,3.16,0.221,8,0,-1.280238867
Zimbabwe,2018,22,47.2,3.16,0.211,21,0,-1.297955155
Zimbabwe,2019,24,47.2,3.16,0.197,27,0,-1.310435057
Zimbabwe,2020,24,47.2,3.16,0.192,21,0,-1.342368126
Zimbabwe,2021,23,47.1,2.92,0.188,23,0,-1.290561199
Zimbabwe,2022,23,47.6,2.92,0.18,33,0,-1.251223803
Zimbabwe,2023,24,47.1,3.04,0.172,40,0,-1.170334935
Zimbabwe,2024,21,,2.98,0.156,21,0,
Zimbabwe,2025,22,,,,9,,